[2026-04-26 13:10:58] INFO: ========================================
[2026-04-26 13:10:58] INFO: INICIO -> Iniciando pipeline de entrenamiento...
[2026-04-26 13:10:58] INFO: === INICIO CARGA DE DATASET ===
[2026-04-26 13:10:58] INFO: Buscando datos en: C:\MIA402\undac-thesis-smart-math-tutor\data\external
[2026-04-26 13:10:58] INFO: Archivo local alternativo: C:\MIA402\undac-thesis-smart-math-tutor\data\dataset.csv
[2026-04-26 13:10:58] INFO: === USANDO DATASET LOCAL ===
[2026-04-26 13:10:58] INFO: Cargando: C:\MIA402\undac-thesis-smart-math-tutor\data\dataset.csv
[2026-04-26 13:11:01] INFO: Filas dataset local: 813711
[2026-04-26 13:11:01] INFO: Columnas dataset local: ['student_id', 'step_name', 'incorrects', 'hints', 'correct_first_attempt', 'step_duration_sec', 'source_split', 'timestamp']
[2026-04-26 13:11:02] INFO: Capping incorrects al percentil 99.9.
[2026-04-26 13:11:02] INFO: Capping hints al percentil 99.9.
[2026-04-26 13:11:02] INFO: Capping step_duration_sec al percentil 99.9.
[2026-04-26 13:11:03] INFO: Blacklist de step_name cargada: 154 nombres a filtrar.
[2026-04-26 13:11:03] INFO: Dataset tras aplicar reglas: 301048 filas.
[2026-04-26 13:11:03] INFO: === DATASET LOCAL FINAL ===
[2026-04-26 13:11:03] INFO: Filas finales: 301048
[2026-04-26 13:11:03] INFO: Ratio de retención: 0.370
[2026-04-26 13:11:03] INFO: Dataset crudo cargado: 301048 filas, 8 columnas.
[2026-04-26 13:11:03] INFO: Columnas del dataset crudo: ['student_id', 'step_name', 'incorrects', 'hints', 'correct_first_attempt', 'step_duration_sec', 'source_split', 'timestamp']
[2026-04-26 13:11:03] INFO: === ESTADÍSTICAS DATASET CRUDO ===
[2026-04-26 13:11:03] INFO: Valores nulos por columna:
student_id               0
step_name                0
incorrects               0
hints                    0
correct_first_attempt    0
step_duration_sec        0
source_split             0
timestamp                0
[2026-04-26 13:11:03] INFO: Tipos de datos:
student_id                object
step_name                 object
incorrects               float64
hints                    float64
correct_first_attempt      int64
step_duration_sec        float64
source_split              object
timestamp                 object
[2026-04-26 13:11:03] INFO: Estadísticas numéricas:
          incorrects          hints  correct_first_attempt  step_duration_sec
count  301048.000000  301048.000000          301048.000000      301048.000000
mean        0.335236       0.251810               0.795697          22.129530
std         1.008752       0.939903               0.403192          41.600954
min         0.000000       0.000000               0.000000           0.000000
25%         0.000000       0.000000               1.000000           6.000000
50%         0.000000       0.000000               1.000000          10.000000
75%         0.000000       0.000000               1.000000          22.000000
max        46.000000      28.000000               1.000000         602.000972
[2026-04-26 13:11:03] INFO: Construyendo features (include_target=True)...
[2026-04-26 13:11:04] INFO: Construyendo effort_score con pesos: inc=0.15, hints=0.15, time=0.35, fail_penalty=0.15.
[2026-04-26 13:11:04] INFO: Effort score construido. Estadísticas:
[2026-04-26 13:11:04] INFO: count    301048.000000
mean          0.053306
std           0.084762
min           0.000000
25%           0.005482
50%           0.010050
75%           0.045681
max           0.912888
dtype: float64
[2026-04-26 13:11:04] INFO: === CONSTRUYENDO FEATURES HISTÓRICAS POR ESTUDIANTE ===
[2026-04-26 13:11:04] INFO: Features que capturan comportamiento histórico del estudiante (sin leakage)
[2026-04-26 13:11:04] INFO: Feature student_attempt_count_prev: conteo acumulado de intentos previos por estudiante
[2026-04-26 13:11:04] INFO:   - Rango: 0 - 2900
[2026-04-26 13:11:04] INFO:   - Media: 651.16
[2026-04-26 13:11:04] INFO: Feature student_avg_incorrects_prev: promedio histórico de errores
[2026-04-26 13:11:04] INFO:   - Media: 0.3293, Std: 0.2289
[2026-04-26 13:11:04] INFO:   - Nulos: 0
[2026-04-26 13:11:04] INFO: Feature student_avg_time_prev: promedio histórico de tiempo
[2026-04-26 13:11:04] INFO:   - Media: 20.6664, Std: 9.9374
[2026-04-26 13:11:04] INFO:   - Nulos: 0
[2026-04-26 13:11:04] INFO: Feature student_accuracy_prev: promedio histórico de aciertos en primer intento
[2026-04-26 13:11:04] INFO:   - Media: 0.7767, Std: 0.1330
[2026-04-26 13:11:04] INFO:   - Nulos: 0
[2026-04-26 13:11:05] INFO: Feature student_trend_accuracy: tendencia de accuracy (rolling mean window=5)
[2026-04-26 13:11:05] INFO:   - Media: 0.7934, Std: 0.2384
[2026-04-26 13:11:05] INFO:   - Nulos: 0
[2026-04-26 13:11:05] INFO: === CONSTRUYENDO FEATURES ESTRUCTURALES DEL PASO ===
[2026-04-26 13:11:05] INFO: Features derivadas del texto del step_name (dificultad intrínseca del problema)
[2026-04-26 13:11:05] INFO: Feature step_len: longitud del texto del paso
[2026-04-26 13:11:05] INFO:   - Media: 14.3, Std: 7.0
[2026-04-26 13:11:06] INFO: Feature step_num_ops: número de operadores matemáticos
[2026-04-26 13:11:06] INFO:   - Media: 3.65, Std: 2.11
[2026-04-26 13:11:06] INFO: Feature step_has_parentheses: presencia de paréntesis (0/1)
[2026-04-26 13:11:06] INFO:   - Proporción: 0.198
[2026-04-26 13:11:07] INFO: Feature step_num_digits: cantidad de dígitos numéricos
[2026-04-26 13:11:07] INFO:   - Media: 5.71, Std: 4.77
[2026-04-26 13:11:08] INFO: Feature step_num_variables: cantidad de letras/variables
[2026-04-26 13:11:08] INFO:   - Media: 1.95, Std: 2.10
[2026-04-26 13:11:10] INFO: Feature step_abs_constant_sum: suma absoluta de constantes numéricas
[2026-04-26 13:11:10] INFO:   - Media: 646.29, Std: 2507.52
[2026-04-26 13:11:10] INFO: === RESUMEN FEATURES CREADAS ===
[2026-04-26 13:11:10] INFO: Total features creadas: 11
[2026-04-26 13:11:10] INFO: Features históricas estudiante: 5
[2026-04-26 13:11:10] INFO: Features estructurales paso: 6
[2026-04-26 13:11:10] INFO: Filas procesadas: 301048
[2026-04-26 13:11:10] INFO: === APLICANDO CAPPING DE OUTLIERS ===
[2026-04-26 13:11:10] INFO: Estrategia: winsorización al percentil especificado para evitar valores extremos
[2026-04-26 13:11:10] INFO: step_abs_constant_sum: capped al percentil 99% = 13026.9 (max original: 62477.0, valores capped: 3011)
[2026-04-26 13:11:10] INFO: step_len: capped al percentil 99% = 38.0 (max original: 78.0, valores capped: 3359)
[2026-04-26 13:11:10] INFO: student_attempt_count_prev: capped al percentil 99% = 2304.0 (max original: 2900.0, valores capped: 3015)
[2026-04-26 13:11:10] INFO: step_num_ops: capped al percentil 95% = 7.0 (max original: 19.0, valores capped: 31945)
[2026-04-26 13:11:10] INFO: student_avg_time_prev: capped al percentil 99% = 51.7 (max original: 407.5, valores capped: 3011)
[2026-04-26 13:11:10] INFO: step_num_digits: capped al percentil 99% = 23.0 (max original: 60.0, valores capped: 3225)
[2026-04-26 13:11:10] INFO: step_num_variables: capped al percentil 95% = 7.0 (max original: 24.0, valores capped: 18265)
[2026-04-26 13:11:10] INFO: === CAPPING COMPLETADO ===
[2026-04-26 13:11:10] INFO: Resumen global post-capping:
       student_attempt_count_prev  student_avg_incorrects_prev  student_avg_time_prev  student_accuracy_prev  student_trend_accuracy       step_len   step_num_ops  step_has_parentheses  step_num_digits  step_num_variables  step_abs_constant_sum
count               301048.000000                301048.000000          301048.000000          301048.000000           301048.000000  301048.000000  301048.000000         301048.000000    301048.000000       301048.000000          301048.000000
mean                   649.252365                     0.329335              20.452303               0.776650                0.793439      14.244257       3.530028              0.197753         5.634201            1.851662             578.445300
std                    575.286639                     0.228870               8.411794               0.133008                0.238446       6.639241       1.810597              0.398305         4.387387            1.771237            1924.362887
min                      0.000000                     0.000000               0.000000               0.000000                0.000000       1.000000       0.000000              0.000000         0.000000            0.000000               0.000000
25%                    184.000000                     0.179104              14.739955               0.733190                0.600000      10.000000       2.000000              0.000000         3.000000            1.000000              12.000000
50%                    464.000000                     0.293961              19.790471               0.804878                0.800000      13.000000       3.000000              0.000000         5.000000            1.000000              29.000000
75%                    993.000000                     0.423870              24.504921               0.860465                1.000000      17.000000       5.000000              0.000000         8.000000            2.000000             138.000000
max                   2304.000000                     8.000000              51.678165               1.000000                1.000000      38.000000       7.000000              1.000000        23.000000            7.000000           13026.890000
[2026-04-26 13:11:10] INFO: Feature engineering completado.
[2026-04-26 13:11:10] INFO: Resumen features post-capping: 11 creadas. Estadísticas globales:        student_attempt_count_prev  student_avg_incorrects_prev  student_avg_time_prev  student_accuracy_prev  student_trend_accuracy       step_len   step_num_ops  step_has_parentheses  step_num_digits  step_num_variables  step_abs_constant_sum
count               301048.000000                301048.000000          301048.000000          301048.000000           301048.000000  301048.000000  301048.000000         301048.000000    301048.000000       301048.000000          301048.000000
mean                   649.252365                     0.329335              20.452303               0.776650                0.793439      14.244257       3.530028              0.197753         5.634201            1.851662             578.445300
std                    575.286639                     0.228870               8.411794               0.133008                0.238446       6.639241       1.810597              0.398305         4.387387            1.771237            1924.362887
min                      0.000000                     0.000000               0.000000               0.000000                0.000000       1.000000       0.000000              0.000000         0.000000            0.000000               0.000000
25%                    184.000000                     0.179104              14.739955               0.733190                0.600000      10.000000       2.000000              0.000000         3.000000            1.000000              12.000000
50%                    464.000000                     0.293961              19.790471               0.804878                0.800000      13.000000       3.000000              0.000000         5.000000            1.000000              29.000000
75%                    993.000000                     0.423870              24.504921               0.860465                1.000000      17.000000       5.000000              0.000000         8.000000            2.000000             138.000000
max                   2304.000000                     8.000000              51.678165               1.000000                1.000000      38.000000       7.000000              1.000000        23.000000            7.000000           13026.890000
[2026-04-26 13:11:10] INFO: Feature engineering completado en 7.11 segundos.
[2026-04-26 13:11:10] INFO: Cambio en dataset: filas 301048 -> 301048, columnas 8 -> 21
[2026-04-26 13:11:10] INFO: === ESTADÍSTICAS TARGET (effort_score) ===
[2026-04-26 13:11:10] INFO: Estadísticas target:
count    301048.000000
mean          0.053306
std           0.084762
min           0.000000
25%           0.005482
50%           0.010050
75%           0.045681
max           0.912888
[2026-04-26 13:11:11] INFO: Distribución target (value_counts):
effort_score
0.000000      145
0.000183        2
0.000228        2
0.000304        6
0.000457       58
0.000609        3
0.000685        1
0.000914      944
0.001142        1
0.001218        1
0.001279        1
0.001370       30
0.001675        1
0.001827     5872
0.002056        2
0.002284       22
0.002741    14890
0.003045        1
0.003198       12
0.003261        1
0.003654    21381
0.004111        4
0.004568    24288
0.005025        5
0.005177        1
0.005301        1
0.005357        1
0.005482    22687
0.005939        2
0.006395    19322
0.006522        1
0.006852        2
0.006915        1
0.006959        1
0.007309    16151
0.007766        2
0.007829        1
0.008223    12984
0.008286        1
0.008527        1
0.008679        3
0.008743        2
0.008784        1
0.009136    10695
0.009199        1
0.009550        1
0.009656        6
0.009783        1
0.010050     8805
0.010354        1
0.010570        7
0.010714        3
0.010963     7149
0.011420        2
0.011483       21
0.011752        1
0.011877     6117
0.012334        1
0.012397       20
0.012791     5183
0.012917        1
0.013080        1
0.013311       27
0.013704     4427
0.013831        1
0.014059        1
0.014135        1
0.014161        1
0.014224       35
0.014493        1
0.014618     3736
0.014744        1
0.015075        1
0.015138       39
0.015407        2
0.015532     3438
0.016052       51
0.016071        2
0.016445     3044
0.016572        1
0.016965       52
0.017234        1
0.017359     2598
0.017485        1
0.017816        1
0.017879       57
0.018023        1
0.018272     2326
0.018792       75
0.018937        1
0.019061        2
0.019186     2160
0.019312        3
0.019332        1
0.019706       76
0.019850        1
0.019975        2
0.020100     1983
0.020226        7
0.020620       78
0.020683        1
0.020764        4
0.021013     1776
0.021140        5
0.021265        1
0.021533       80
0.021678        7
0.021802        4
0.021927     1652
0.022053       10
0.022447       88
0.022467        1
0.022591        7
0.022716        1
0.022840     1539
0.022865        1
0.022967        5
0.023361       85
0.023505        8
0.023630        2
0.023754     1335
0.023881       10
0.024274       74
0.024419        8
0.024543        1
0.024668     1281
0.024794        4
0.025188       92
0.025314        2
0.025332        4
0.025457        2
0.025581     1226
0.025708        1
0.025789        1
0.025977        1
0.026101       84
0.026228        2
0.026246        9
0.026495     1062
0.026621       10
0.026976        1
0.027015       98
0.027141        1
0.027159       13
0.027284        1
0.027409     1053
0.027453        1
0.027535        8
0.027804        1
0.027929       80
0.028055        2
0.028073        5
0.028322     1000
0.028449       11
0.028593        1
0.028842       98
0.028987       12
0.029111        1
0.029236      855
0.029362        5
0.029507        1
0.029631        1
0.029756      110
0.029776        1
0.029882        1
0.029900       12
0.030149      811
0.030276        7
0.030420        1
0.030669       85
0.030689        2
0.030814       13
0.030938        1
0.031063      735
0.031065        1
0.031126        1
0.031189       10
0.031334        2
0.031583       90
0.031603        2
0.031709        2
0.031728       12
0.031852        1
0.031977      719
0.031979        1
0.032103       11
0.032191        1
0.032372        1
0.032434        1
0.032497       82
0.032517        2
0.032623        3
0.032641       10
0.032766        2
0.032890      720
0.033017       13
0.033161        1
0.033410       93
0.033430        1
0.033555       10
0.033679        3
0.033804      634
0.033930        8
0.034075        2
0.034324       89
0.034344        3
0.034450        1
0.034468        8
0.034593        1
0.034718      657
0.034844       12
0.034988        1
0.035113        1
0.035238       63
0.035257        3
0.035364        3
0.035382        7
0.035507        2
0.035631      553
0.035633        1
0.035758       13
0.035902        2
0.036151       70
0.036171        5
0.036278        5
0.036296       10
0.036420        1
0.036545      554
0.036671       20
0.036816        3
0.037065       69
0.037085        5
0.037191        3
0.037209        6
0.037334        1
0.037336        1
0.037458      477
0.037585        8
0.037605        1
0.037729        5
0.037854        1
0.037978       65
0.037998        1
0.038105        3
0.038123       10
0.038247        3
0.038249        2
0.038372      454
0.038498        9
0.038643        2
0.038892       76
0.038912        5
0.039036        7
0.039161        1
0.039163        1
0.039286      454
0.039412       15
0.039557        3
0.039681        1
0.039806       63
0.039826        5
0.039932        1
0.039950       13
0.040077        1
0.040199      436
0.040326       15
0.040470        1
0.040615        2
0.040719       59
0.040739       10
0.040846        3
0.040864       10
0.040990        1
0.041113      368
0.041239       11
0.041259        1
0.041384        8
0.041508        1
0.041528        2
0.041633       50
0.041653       11
0.041759        4
0.041777       13
0.041902        1
0.041904        1
0.042027      330
0.042153       18
0.042297        1
0.042547       58
0.042566        6
0.042673        2
0.042691       10
0.042816        1
0.042881        1
0.042940      350
0.043067       13
0.043068        1
0.043086        1
0.043355        1
0.043460       66
0.043480        5
0.043587        5
0.043605        9
0.043713        1
0.043729        1
0.043731        1
0.043854      309
0.043875        1
0.043980       14
0.044125        4
0.044311        1
0.044374       55
0.044394        3
0.044500        2
0.044518       12
0.044667        1
0.044767      347
0.044894       16
0.045038        3
0.045287       46
0.045414        4
0.045432       13
0.045556        1
0.045558        2
0.045681      291
0.045807       15
0.045827        1
0.045934        1
0.045952        5
0.046076        1
0.046096        1
0.046201       38
0.046221        5
0.046327        4
0.046345        6
0.046470        1
0.046472        3
0.046595      318
0.046616        1
0.046721       18
0.046847        1
0.046865        6
0.046929        1
0.047115       57
0.047135        9
0.047241        2
0.047259       12
0.047385        2
0.047508      264
0.047510        1
0.047635       12
0.047779        4
0.047924        1
0.048028       46
0.048048        1
0.048155        3
0.048173       12
0.048297        2
0.048299        2
0.048422      273
0.048548       12
0.048675        1
0.048693        9
0.048942       47
0.048962        2
0.049068        1
0.049086       14
0.049211        1
0.049213        1
0.049335      209
0.049462       14
0.049606        6
0.049731        3
0.049751        1
0.049855       40
0.049875        2
0.049982        1
0.050000        8
0.050126        2
0.050249      257
0.050375       10
0.050502        1
0.050520        6
0.050646        1
0.050769       42
0.050771        1
0.050789        6
0.050895        6
0.050914       14
0.051022        1
0.051040        2
0.051163      239
0.051289       11
0.051434        4
0.051578        1
0.051683       59
0.051703        2
0.051809        5
0.051827        7
0.051952        2
0.051954        3
0.052076      199
0.052149        1
0.052203       15
0.052347        6
0.052492        1
0.052596       37
0.052616        5
0.052741        7
0.052865        1
0.052867        7
0.052990      204
0.053116       13
0.053243        2
0.053261        6
0.053387        1
0.053405        1
0.053510       35
0.053530        5
0.053636        4
0.053654        5
0.053781        3
0.053904      215
0.054030        6
0.054050        1
0.054174        1
0.054301        1
0.054424       31
0.054443        3
0.054550        8
0.054568        6
0.054694        4
0.054714        1
0.054817      183
0.054944       10
0.055088        4
0.055214        2
0.055233        1
0.055337       32
0.055357        5
0.055464        5
0.055482        8
0.055606        1
0.055608        3
0.055731      196
0.055857       12
0.055877        3
0.055897        1
0.055984        2
0.056002        1
0.056146        1
0.056251       41
0.056273        1
0.056377        8
0.056395        6
0.056520        1
0.056522        1
0.056644      194
0.056771       15
0.056791        1
0.056897        2
0.056915        4
0.057040        4
0.057042        1
0.057060        3
0.057164       33
0.057186        1
0.057291        1
0.057309        3
0.057311        1
0.057417        1
0.057433        2
0.057435        4
0.057558      147
0.057562        1
0.057684       12
0.057704        2
0.057811        4
0.057829        1
0.057849        1
0.057937        1
0.057955        1
0.057973        1
0.058078       30
0.058098        3
0.058204        9
0.058223        9
0.058224        1
0.058349        5
0.058472      177
0.058598       10
0.058743        4
0.058867        1
0.058869        1
0.058992       30
0.059012        1
0.059118        4
0.059136        5
0.059261        1
0.059385      148
0.059407        1
0.059512       13
0.059532        5
0.059638        1
0.059656        4
0.059783        1
0.059801        2
0.059905       38
0.059925        3
0.060032        2
0.060050        9
0.060052        1
0.060158        1
0.060174        1
0.060176        1
0.060299      145
0.060425       18
0.060552        2
0.060570        5
0.060590        1
0.060694        1
0.060714        2
0.060819       24
0.060839        1
0.060841        1
0.060945        3
0.060963        7
0.060965        2
0.061090        2
0.061110        1
0.061213      134
0.061216        1
0.061339        9
0.061483        5
0.061610        1
0.061628        1
0.061733       22
0.061754        1
0.061859        3
0.061877        4
0.061879        1
0.061985        1
0.062002        1
0.062003        3
0.062023        1
0.062126      133
0.062253       15
0.062272        1
0.062379        1
0.062397        8
0.062523        1
0.062646       18
0.062666        2
0.062773        1
0.062791        2
0.062792        2
0.062917        3
0.063040      120
0.063061        1
0.063166       10
0.063186        1
0.063206        1
0.063293        2
0.063311        6
0.063437        1
0.063560       22
0.063580        4
0.063686        5
0.063704        4
0.063706        1
0.063831        1
0.063851        1
0.063953      133
0.063957        1
0.064080       14
0.064101        1
0.064120        1
0.064206        2
0.064224        4
0.064351        1
0.064369        1
0.064473       17
0.064493        2
0.064495        1
0.064600        5
0.064618        6
0.064726        1
0.064744        2
0.064867      108
0.064889        2
0.064909        1
0.064993       11
0.065013        1
0.065120        2
0.065138        5
0.065264        1
0.065282        2
0.065387       27
0.065407        1
0.065513        7
0.065531        5
0.065640        1
0.065658        2
0.065781       99
0.065907        7
0.065947        1
0.066051        4
0.066196        2
0.066301       25
0.066321        2
0.066427        2
0.066445        2
0.066571        2
0.066591        1
0.066694      133
0.066821       15
0.066824        1
0.066947        2
0.066965        5
0.066985        1
0.067110        1
0.067214       15
0.067234        2
0.067236        1
0.067341        5
0.067359        6
0.067361        2
0.067485        1
0.067608       97
0.067630        1
0.067734       10
0.067754        1
0.067861        1
0.067879        8
0.068003        1
0.068005        3
0.068128       22
0.068148        3
0.068150        1
0.068272        2
0.068274        1
0.068399        2
0.068521      103
0.068648       10
0.068668        1
0.068774        3
0.068792        4
0.069041       20
0.069061        1
0.069168        6
0.069186        3
0.069294        1
0.069312        2
0.069332        1
0.069435       86
0.069562       12
0.069688        2
0.069706        4
0.069814        1
0.069831        1
0.069850        1
0.069955       15
0.069975        2
0.070082        4
0.070100        5
0.070101        1
0.070208        1
0.070226        3
0.070349       85
0.070351        1
0.070370        1
0.070475        7
0.070495        1
0.070620        2
0.070746        1
0.070869       17
0.070889        1
0.070995        3
0.071138        1
0.071140        1
0.071262      105
0.071284        1
0.071389        8
0.071515        1
0.071533        5
0.071642        1
0.071660        2
0.071782       20
0.071802        1
0.071909        2
0.071927        2
0.072053        2
0.072176       87
0.072302        9
0.072322        2
0.072324        1
0.072429        2
0.072447        1
0.072467        1
0.072573        2
0.072591        1
0.072696       19
0.072822        3
0.072840        5
0.072967        2
0.073090       80
0.073091        1
0.073216        9
0.073360        4
0.073487        2
0.073507        1
0.073610       11
0.073651        1
0.073736        6
0.073754        3
0.073862        1
0.073880        2
0.073900        1
0.074003       83
0.074130        3
0.074149        1
0.074256        3
0.074274        1
0.074276        1
0.074400        4
0.074523       15
0.074543        1
0.074545        2
0.074650        2
0.074668        2
0.074776        1
0.074792        2
0.074794        2
0.074917       86
0.074919        1
0.075043        5
0.075083        1
0.075170        5
0.075188        3
0.075190        1
0.075314        1
0.075437       18
0.075457        3
0.075563        1
0.075581        1
0.075708        1
0.075830       81
0.075834        2
0.075957        8
0.075977        2
0.076101        1
0.076228        3
0.076350       11
0.076370        1
0.076372        1
0.076477        4
0.076495        5
0.076619        1
0.076621        2
0.076744       67
0.076870        3
0.076890        1
0.076997        1
0.077015        7
0.077141        2
0.077159        2
0.077264        9
0.077286        1
0.077390        4
0.077409        4
0.077517        1
0.077535        2
0.077658       66
0.077660        1
0.077661        1
0.077679        1
0.077784       11
0.077804        1
0.077910        2
0.077929        1
0.078053        1
0.078055        1
0.078073        1
0.078178       14
0.078304        6
0.078322        1
0.078447        1
0.078449        2
0.078571       80
0.078575        1
0.078593        2
0.078698        7
0.078718        1
0.078824        1
0.078842        5
0.078844        1
0.078969        2
0.079091       13
0.079111        1
0.079218        3
0.079236        4
0.079238        1
0.079344        1
0.079485       71
0.079507        1
0.079611       10
0.079882        5
0.079900        1
0.080005       16
0.080131        4
0.080149        2
0.080276        2
0.080316        1
0.080399       65
0.080525        5
0.080651        1
0.080669        2
0.080671        2
0.080814        1
0.080919       13
0.080938        1
0.080940        1
0.081063        4
0.081085        1
0.081188        1
0.081209        1
0.081312       60
0.081439        5
0.081442        1
0.081458        1
0.081478        1
0.081565        2
0.081583        4
0.081709        1
0.081832       18
0.081854        1
0.081959        6
0.081977        1
0.082226       72
0.082229        4
0.082267        1
0.082352        6
0.082354        1
0.082479        3
0.082497        3
0.082623        1
0.082746       14
0.082766        2
0.082767        1
0.082872        5
0.082890        1
0.082999        1
0.083017        3
0.083139       66
0.083266        4
0.083286        1
0.083392        4
0.083410        4
0.083537        1
0.083555        1
0.083557        1
0.083659       13
0.083679        1
0.083786        2
0.083930        3
0.084053       64
0.084179        5
0.084219        1
0.084306        1
0.084324        3
0.084432        1
0.084573       12
0.084699        2
0.084717        1
0.084826        1
0.084844        3
0.084967       55
0.084970        1
0.085093        8
0.085113        2
0.085115        1
0.085133        2
0.085219        2
0.085237        1
0.085239        1
0.085364        1
0.085382        1
0.085487       12
0.085507        3
0.085613        8
0.085739        1
0.085758        3
0.085880       60
0.086007        7
0.086027        1
0.086133        1
0.086151        3
0.086296        1
0.086400        7
0.086420        1
0.086422        1
0.086527        6
0.086545        1
0.086669        1
0.086671        5
0.086794       39
0.086920        7
0.086924        1
0.087067        1
0.087085        1
0.087191        2
0.087209        1
0.087314       16
0.087334        1
0.087336        1
0.087440        1
0.087585        2
0.087605        1
0.087707       48
0.087711        1
0.087731        1
0.087834        3
0.087978        4
0.088228       10
0.088231        1
0.088247        1
0.088354        3
0.088372        1
0.088498        2
0.088500        1
0.088621       41
0.088625        2
0.088643        1
0.088748        8
0.088769        1
0.088892        3
0.088894        2
0.089141        6
0.089145        1
0.089268        3
0.089286        1
0.089412        3
0.089520        1
0.089535       70
0.089537        1
0.089661        8
0.089683        1
0.089742        1
0.089806        1
0.089932        1
0.090055       16
0.090076        1
0.090181        2
0.090199        4
0.090308        1
0.090326        2
0.090327        1
0.090448       36
0.090452        1
0.090470        1
0.090575        3
0.090595        2
0.090615        1
0.090719        1
0.090828        2
0.090864        2
0.090954        1
0.090968        4
0.090988        1
0.091095        4
0.091115        1
0.091239        2
0.091362       50
0.091364        1
0.091366        1
0.091384        2
0.091488        4
0.091508        1
0.091510        1
0.091615        1
0.091633        3
0.091882       12
0.091904        1
0.092008        2
0.092026        3
0.092153        1
0.092276       42
0.092297        1
0.092299        1
0.092402        2
0.092424        1
0.092528        1
0.092546        1
0.092566        1
0.092796        9
0.092815        1
0.092922        4
0.092940        3
0.092942        1
0.093189       40
0.093316       10
0.093336        1
0.093442        3
0.093568        1
0.093586        2
0.093709        9
0.093713        2
0.093854        3
0.094103       48
0.094229        1
0.094356        1
0.094374        2
0.094500        1
0.094623        8
0.094749        2
0.094767        5
0.094769        1
0.094892        1
0.094894        1
0.095016       48
0.095020        1
0.095143        5
0.095163        1
0.095269        2
0.095287        2
0.095289        2
0.095309        1
0.095412        1
0.095414        1
0.095536        5
0.095540        1
0.095556        1
0.095663        1
0.095681        1
0.095847        1
0.095930       41
0.095934        1
0.096056        2
0.096201        1
0.096327        2
0.096450        8
0.096472        1
0.096576        2
0.096596        1
0.096598        1
0.096721        3
0.096741        1
0.096844       31
0.096970        1
0.096990        1
0.097096        1
0.097115        1
0.097241        1
0.097364        6
0.097385        1
0.097490        2
0.097508        1
0.097635        2
0.097757       46
0.097761        1
0.097884        8
0.097905        1
0.098010        1
0.098028        1
0.098032        1
0.098173        2
0.098174        1
0.098277        8
0.098404        1
0.098422        1
0.098548        2
0.098671       31
0.098675        1
0.098694        1
0.098797        5
0.098817        2
0.098924        4
0.098942        3
0.098945        1
0.099068        1
0.099191       10
0.099213        1
0.099317        3
0.099337        1
0.099462        1
0.099585       50
0.099588        1
0.099711        6
0.099731        1
0.099733        1
0.099751        1
0.099837        1
0.099855        1
0.099877        1
0.099982        2
0.100105        9
0.100106        1
0.100126        1
0.100249        2
0.100357        2
0.100374        1
0.100375        2
0.100498       38
0.100625        5
0.100666        1
0.100751        1
0.100769        1
0.100895        2
0.101018        7
0.101145        4
0.101146        1
0.101271        1
0.101412       40
0.101538        5
0.101665        2
0.101932       13
0.102058        3
0.102076        1
0.102203        2
0.102204        1
0.102311        1
0.102325       31
0.102329        1
0.102452        4
0.102474        1
0.102596        1
0.102705        1
0.102845        8
0.102867        1
0.102972        1
0.102990        2
0.102992        1
0.103116        3
0.103118        1
0.103239       33
0.103365        2
0.103369        1
0.103492        1
0.103618        1
0.103759        4
0.103763        1
0.103779        1
0.103885        2
0.103904        1
0.103925        1
0.103945        1
0.104030        4
0.104153       33
0.104174        1
0.104279        6
0.104405        3
0.104424        1
0.104550        2
0.104673        2
0.104674        1
0.104799        1
0.104817        1
0.104819        1
0.104839        1
0.104944        1
0.105066       34
0.105070        2
0.105088        1
0.105193        6
0.105319        1
0.105464        1
0.105482        1
0.105485        1
0.105572        1
0.105586       13
0.105590        1
0.105713        1
0.105731        1
0.105839        1
0.105857        2
0.105980       40
0.106092        1
0.106106        6
0.106233        1
0.106251        1
0.106359        2
0.106500        4
0.106626        1
0.106644        4
0.106771        3
0.106894       29
0.106897        1
0.107020        3
0.107146        1
0.107166        1
0.107273        1
0.107289        1
0.107291        2
0.107414        5
0.107417        1
0.107540        5
0.107683        1
0.107684        1
0.107686        1
0.107807       28
0.107809        2
0.107811        3
0.107934        4
0.107953        1
0.108060        4
0.108078        1
0.108327        5
0.108454        3
0.108472        3
0.108475        1
0.108721       20
0.108724        1
0.108869        1
0.108974        1
0.108992        1
0.109013        1
0.109241        7
0.109367        2
0.109385        1
0.109387        1
0.109512        1
0.109634       24
0.109761        3
0.109905        4
0.110154        7
0.110198        1
0.110281        2
0.110407        1
0.110425        2
0.110447        1
0.110548       22
0.110552        1
0.110553        1
0.110674        4
0.110801        1
0.110804        1
0.110945        2
0.111068        4
0.111194        1
0.111462       31
0.111610        1
0.111714        2
0.111732        3
0.111734        1
0.111754        1
0.111857        1
0.111859        1
0.111982        6
0.111983        1
0.111985        1
0.112003        2
0.112005        1
0.112108        2
0.112126        1
0.112234        1
0.112252        1
0.112272        1
0.112375       26
0.112502        3
0.112646        2
0.112648        1
0.112754        1
0.112772        1
0.112895        5
0.112915        3
0.112917        1
0.113022        1
0.113023        1
0.113043        2
0.113061        1
0.113166        2
0.113289       18
0.113293        1
0.113415        3
0.113435        1
0.113562        1
0.113686        1
0.113809        5
0.113955        1
0.114062        1
0.114078        1
0.114080        2
0.114101        1
0.114202       29
0.114351        1
0.114370        1
0.114722        1
0.114744        1
0.114867        1
0.114975        1
0.114995        1
0.115116       25
0.115120        1
0.115242        3
0.115369        4
0.115387        2
0.115636        4
0.115640        1
0.115763        1
0.115781        2
0.115889        1
0.115907        2
0.116030       31
0.116156        6
0.116176        2
0.116178        2
0.116301        1
0.116320        1
0.116427        2
0.116449        1
0.116550        1
0.116570        1
0.116676        1
0.116694        3
0.116821        1
0.116943       20
0.117070        1
0.117090        1
0.117196        2
0.117323        1
0.117339        1
0.117449        1
0.117463        4
0.117467        1
0.117608        1
0.117734        1
0.117857       23
0.117983        4
0.118110        3
0.118377        3
0.118399        1
0.118521        1
0.118771       23
0.118774        1
0.118897        5
0.118919        1
0.119023        1
0.119041        2
0.119291        3
0.119417        2
0.119435        1
0.119457        1
0.119560        1
0.119561        1
0.119670        1
0.119684       28
0.119811        4
0.119814        1
0.119937        1
0.119955        1
0.120204        6
0.120331        2
0.120352        1
0.120457        1
0.120475        1
0.120598       15
0.120600        1
0.120601        1
0.120724        3
0.120869        1
0.121118        3
0.121138        1
0.121244        1
0.121511       25
0.121513        1
0.121638        2
0.121764        2
0.121804        1
0.122158        2
0.122161        1
0.122176        2
0.122425       26
0.122551        3
0.122840        1
0.122945        3
0.122949        1
0.123071        2
0.123075        1
0.123090        2
0.123216        2
0.123218        1
0.123339       19
0.123443        1
0.123465        3
0.123508        1
0.123610        1
0.123613        1
0.123736        1
0.123859        3
0.123862        1
0.123880        1
0.123985        1
0.124003        1
0.124252       17
0.124274        2
0.124400        1
0.124505        2
0.124648        1
0.124772        6
0.124776        1
0.124899        3
0.124917        1
0.125043        1
0.125166       22
0.125292        1
0.125312        1
0.125419        2
0.125686        2
0.125706        2
0.125812        1
0.125830        2
0.125955        1
0.126080       20
0.126083        1
0.126101        1
0.126206        2
0.126350        1
0.126354        1
0.126477        1
0.126479        1
0.126600        5
0.126726        3
0.126870        1
0.126872        1
0.126993       15
0.127120        3
0.127246        1
0.127389        1
0.127513        4
0.127533        1
0.127535        2
0.127640        3
0.127659        1
0.127907       20
0.127910        1
0.128033        3
0.128160        2
0.128427        3
0.128447        1
0.128448        1
0.128553        1
0.128571        1
0.128593        1
0.128680        1
0.128820       20
0.128947        4
0.128950        1
0.128968        1
0.129218        1
0.129236        1
0.129340        5
0.129402        1
0.129467        1
0.129593        1
0.129734       21
0.129736        1
0.130113        1
0.130131        1
0.130135        1
0.130254        4
0.130380        2
0.130648       19
0.130669        2
0.130673        1
0.130774        2
0.130900        1
0.130904        1
0.130918        1
0.130922        1
0.131168        3
0.131189        1
0.131316        1
0.131438        1
0.131561       15
0.131688        2
0.131727        2
0.131959        2
0.132081        2
0.132085        1
0.132101        1
0.132208        1
0.132229        1
0.132352        1
0.132475       16
0.132479        1
0.132601        2
0.132623        1
0.132995        3
0.133121        4
0.133125        1
0.133248        2
0.133264        1
0.133388       20
0.133500        1
0.133515        1
0.133659        2
0.133908        2
0.134035        3
0.134302       15
0.134429        2
0.134555        3
0.134681        1
0.134699        1
0.134822        5
0.134968        1
0.134988        1
0.135075        2
0.135216       11
0.135219        1
0.135237        2
0.135342        3
0.135469        3
0.135487        1
0.135488        1
0.135595        1
0.135631        1
0.135736        2
0.135862        3
0.136008        1
0.136129       12
0.136153        1
0.136256        3
0.136259        1
0.136277        1
0.136382        2
0.136400        1
0.136649        4
0.136671        1
0.136794        1
0.137043       18
0.137169        2
0.137193        1
0.137563        1
0.137689        1
0.137709        2
0.137834        2
0.137957       15
0.137960        1
0.138083        2
0.138123        1
0.138209        2
0.138227        1
0.138247        1
0.138376        1
0.138477        1
0.138496        2
0.138603        1
0.138621        1
0.138870       11
0.138874        1
0.138982        1
0.138997        4
0.139038        1
0.139376        1
0.139390        1
0.139394        1
0.139537        1
0.139661        1
0.139784       20
0.140037        1
0.140055        1
0.140304        2
0.140448        1
0.140557        1
0.140578        1
0.140697       10
0.140824        1
0.140950        2
0.140968        2
0.141095        1
0.141217        2
0.141237        1
0.141241        1
0.141261        1
0.141364        1
0.141611       15
0.141737        1
0.141864        1
0.141990        1
0.142131        2
0.142257        1
0.142276        1
0.142277        2
0.142402        1
0.142525       11
0.142637        1
0.142651        2
0.142924        1
0.143045        2
0.143171        5
0.143316        1
0.143438       12
0.143565        3
0.143691        1
0.143958        2
0.143960        1
0.143980        1
0.144085        1
0.144211        1
0.144213        1
0.144227        1
0.144231        1
0.144352       13
0.144478        1
0.144771        1
0.144872        4
0.144998        3
0.145016        1
0.145266       11
0.145392        1
0.145518        1
0.145536        1
0.145538        1
0.145786        1
0.145912        1
0.146179       11
0.146306        2
0.146450        1
0.146452        1
0.146454        1
0.146472        1
0.146598        1
0.146703        1
0.146719        1
0.146826        2
0.146952        1
0.147093        9
0.147096        2
0.147219        3
0.147613        4
0.147616        1
0.147654        1
0.147739        1
0.147757        2
0.147884        1
0.148006       20
0.148133        1
0.148136        1
0.148155        1
0.148259        2
0.148526        2
0.148653        2
0.148658        1
0.148797        2
0.148920       14
0.149108        1
0.149315        1
0.149440        1
0.149584        1
0.149715        1
0.149834        7
0.149960        2
0.150000     1413
0.150086        1
0.150126        1
0.150213        1
0.150354        3
0.150480        1
0.150520        1
0.150646        1
0.150747       14
0.151022        1
0.151267        2
0.151269        1
0.151412        1
0.151415        2
0.151433        1
0.151536        1
0.151661        7
0.151787        1
0.151791        1
0.151914        1
0.151932        1
0.151935        1
0.152181        1
0.152185        2
0.152307        3
0.152434        1
0.152575       14
0.152578        1
0.152701        2
0.152831        1
0.152845        1
0.152849        1
0.153095        1
0.153096        1
0.153098        1
0.153261       21
0.153488        8
0.153510        1
0.153615        1
0.153718        1
0.153779        1
0.154008        3
0.154174       11
0.154402       11
0.154479        1
0.154528        2
0.154548        1
0.154631        2
0.154655        1
0.154658        1
0.154673        1
0.154922        2
0.155066        1
0.155088       71
0.155214        1
0.155315       16
0.155357        3
0.155545        2
0.155568        1
0.155713        1
0.155814        1
0.155835        4
0.155839        1
0.155855        1
0.155983        1
0.156002      198
0.156104        1
0.156229       10
0.156230        2
0.156233        1
0.156271       70
0.156306        1
0.156355        2
0.156359        1
0.156377        1
0.156459        1
0.156522       10
0.156608        1
0.156749        1
0.156875        2
0.156915      406
0.157000        1
0.157128        1
0.157143        4
0.157184       81
0.157372        1
0.157395        1
0.157522        1
0.157540        1
0.157641        1
0.157663        1
0.157789        1
0.157829      503
0.157933        1
0.158056       11
0.158098       85
0.158133        1
0.158286        1
0.158309        1
0.158329        1
0.158349        1
0.158435        1
0.158472        1
0.158555        1
0.158580        1
0.158703        2
0.158743      728
0.158806        2
0.158829        2
0.158869        1
0.158970        9
0.159012       74
0.159096        1
0.159136        1
0.159147        1
0.159199        4
0.159223        1
0.159241        1
0.159263        3
0.159510        1
0.159512        1
0.159616        2
0.159634        1
0.159656      885
0.159719        2
0.159783        3
0.159839        1
0.159883       11
0.159925       54
0.159927        1
0.159960        1
0.160010        1
0.160113        2
0.160136        1
0.160156        1
0.160176        2
0.160403        1
0.160548        1
0.160570      896
0.160656        1
0.160714        7
0.160797       11
0.160839       40
0.160874        1
0.160923        2
0.161027        1
0.161068        1
0.161090        9
0.161110        1
0.161180        1
0.161194        1
0.161198        1
0.161317        1
0.161337        1
0.161339        1
0.161483      952
0.161547        1
0.161588        1
0.161628        2
0.161630        1
0.161711        5
0.161752       40
0.161837        1
0.161940        2
0.162003       12
0.162108        1
0.162231        2
0.162232        1
0.162375        2
0.162397        1
0.162397      962
0.162484        1
0.162542       22
0.162624        7
0.162628        1
0.162666       37
0.162751        1
0.162877        3
0.162917       20
0.162980        1
0.162998        2
0.163037        1
0.163144        3
0.163186        3
0.163311      975
0.163374        1
0.163415        1
0.163455       46
0.163538       12
0.163560        1
0.163580       47
0.163767        1
0.163831       17
0.163912        1
0.163939        1
0.163975        1
0.164058        2
0.164100        1
0.164184        1
0.164224      957
0.164351        1
0.164369      111
0.164437        1
0.164452       11
0.164493       39
0.164578        1
0.164744       35
0.164849        1
0.164957        1
0.164972        2
0.165013        2
0.165098        2
0.165116        2
0.165138      973
0.165201        1
0.165250        1
0.165264        1
0.165282      165
0.165365       14
0.165407       37
0.165477        1
0.165495        1
0.165618        1
0.165636        2
0.165658       43
0.165721        1
0.165739        1
0.165927        5
0.166030        1
0.166052      976
0.166071       11
0.166178        1
0.166196      215
0.166279       11
0.166321       28
0.166405        4
0.166508        1
0.166532        1
0.166572       63
0.166821        1
0.166841        3
0.166925        2
0.166965      954
0.167070        1
0.167110      250
0.167178        1
0.167181        1
0.167192        4
0.167234       32
0.167485       64
0.167588        1
0.167630        1
0.167716        1
0.167754        6
0.167839        2
0.167879      949
0.167951        1
0.167987        1
0.168005        3
0.168023      263
0.168106        7
0.168148       21
0.168232        2
0.168274        1
0.168359        1
0.168377        1
0.168399       75
0.168401        1
0.168480        3
0.168626        1
0.168648        1
0.168668        7
0.168752        2
0.168772        1
0.168792      896
0.168919        3
0.168937      270
0.169020       11
0.169061       23
0.169146        2
0.169312       71
0.169332        7
0.169435        1
0.169457        1
0.169457        2
0.169540        1
0.169581        9
0.169706      845
0.169726        1
0.169832        2
0.169850      272
0.169933       11
0.169937        1
0.169975       19
0.170063        2
0.170081        2
0.170101        2
0.170186        1
0.170226       75
0.170352        1
0.170370        3
0.170495        9
0.170580        1
0.170620      832
0.170746        6
0.170764      276
0.170847        9
0.170851        2
0.170889       22
0.171015        1
0.171120        1
0.171140       92
0.171266        2
0.171284       11
0.171409        8
0.171429        4
0.171511        1
0.171533      657
0.171553        8
0.171620        1
0.171660        4
0.171678      248
0.171761        4
0.171802       25
0.171929        1
0.172035        1
0.172053      105
0.172158        1
0.172180        1
0.172198       15
0.172322        7
0.172407        1
0.172447      673
0.172467        8
0.172551        1
0.172573       11
0.172575        1
0.172591      206
0.172593        3
0.172674        8
0.172716       20
0.172801        1
0.172820        1
0.172842        1
0.172896        1
0.172967      126
0.173057        1
0.173111       25
0.173194        2
0.173198        1
0.173236        5
0.173361      620
0.173362        1
0.173380       13
0.173487        4
0.173505      220
0.173573        1
0.173588        7
0.173630       21
0.173837        2
0.173841        1
0.173881      111
0.174007        2
0.174025       37
0.174108        1
0.174150        4
0.174252        1
0.174274      517
0.174276        1
0.174294       37
0.174361        1
0.174401        9
0.174419      184
0.174501       15
0.174509        1
0.174543       10
0.174670        4
0.174794      122
0.174938        1
0.174939       41
0.174984        1
0.175007        1
0.175021        1
0.175027        1
0.175063       10
0.175148        1
0.175151        1
0.175166        2
0.175188      510
0.175190        3
0.175208       82
0.175314        8
0.175332      138
0.175415       10
0.175457       21
0.175583        1
0.175653        1
0.175664        1
0.175671        1
0.175708      140
0.175794        1
0.175812        1
0.175830        1
0.175834        3
0.175852       52
0.175854        2
0.175935        1
0.175977       11
0.176040        1
0.176061        1
0.176065        1
0.176101      466
0.176121      149
0.176228       14
0.176246      148
0.176314        1
0.176329        8
0.176332        1
0.176370       11
0.176372        1
0.176455        1
0.176497        5
0.176578        1
0.176621      133
0.176643        1
0.176766       57
0.176786        2
0.176849        1
0.176890        7
0.176997        1
0.177015      456
0.177019        1
0.177035      157
0.177078        2
0.177141       12
0.177159      110
0.177242        4
0.177264        1
0.177284        7
0.177410        1
0.177474        1
0.177513        1
0.177515        1
0.177535      131
0.177661        1
0.177679       73
0.177762        2
0.177766        1
0.177804       11
0.177907        1
0.177929      476
0.177930        2
0.177948      181
0.178015        1
0.178055       21
0.178073       97
0.178156        6
0.178198        5
0.178199        2
0.178268        1
0.178282        1
0.178286        1
0.178288        1
0.178324        2
0.178449      117
0.178450        1
0.178512        1
0.178535        1
0.178553        1
0.178575        1
0.178593       98
0.178676        2
0.178718       16
0.178842      395
0.178862      208
0.178947        1
0.178969       12
0.178987       90
0.179069        6
0.179111        8
0.179113        6
0.179115        2
0.179238        1
0.179319        1
0.179322        1
0.179362      142
0.179382        2
0.179417        1
0.179470        1
0.179489        2
0.179507       89
0.179593        1
0.179609        1
0.179631        6
0.179651        1
0.179716        1
0.179756      345
0.179758        2
0.179776      214
0.179882       16
0.179900       66
0.179983        8
0.180008        1
0.180009        2
0.180025        2
0.180027        7
0.180109        1
0.180151        7
0.180236        1
0.180258        1
0.180276      143
0.180296        3
0.180341        1
0.180402        3
0.180420       90
0.180545       10
0.180565        2
0.180630        2
0.180669      367
0.180671        2
0.180689      234
0.180796       23
0.180814       60
0.180875        1
0.180897        8
0.180900        1
0.180938        8
0.180940        6
0.181023        1
0.181065        3
0.181146        1
0.181150        1
0.181189      124
0.181209        8
0.181292        1
0.181316        2
0.181334       87
0.181417        1
0.181420        1
0.181459       10
0.181583      322
0.181585        2
0.181603      210
0.181709       26
0.181728       72
0.181810        7
0.181836        1
0.181852        9
0.181854        5
0.181962        1
0.181979        8
0.182040        1
0.182081        1
0.182103      143
0.182123       14
0.182143        3
0.182190        1
0.182229        3
0.182248       90
0.182372        9
0.182392        6
0.182497      274
0.182499        5
0.182517      223
0.182583        1
0.182623       33
0.182641       46
0.182724        6
0.182766        7
0.182768       10
0.182892        2
0.182977        1
0.182995        1
0.183017       99
0.183037       16
0.183143        3
0.183161       85
0.183266        1
0.183286       12
0.183306        6
0.183308        1
0.183410      251
0.183412        1
0.183430      171
0.183515        1
0.183537       25
0.183555       53
0.183638        6
0.183679        6
0.183681       12
0.183726        1
0.183764        3
0.183806        5
0.183890        1
0.183930      112
0.183950       16
0.184057        1
0.184075       75
0.184158        2
0.184199        7
0.184219        5
0.184306        1
0.184324      259
0.184326        5
0.184344      143
0.184450       30
0.184468       46
0.184551        9
0.184577        1
0.184593        3
0.184595       21
0.184699        1
0.184719        1
0.184844      118
0.184846        1
0.184864       36
0.184967        1
0.184970        7
0.184988       77
0.185071        1
0.185097        1
0.185113        5
0.185133        3
0.185198        3
0.185238      212
0.185239        1
0.185257      155
0.185342        1
0.185364       32
0.185382       42
0.185404        1
0.185465        3
0.185465        1
0.185472        1
0.185507        8
0.185508       21
0.185591        1
0.185633        4
0.185758      132
0.185759        1
0.185777       45
0.185848        1
0.185862        1
0.185884        7
0.185902       59
0.185988        1
0.186027        4
0.186028        1
0.186046        1
0.186046        8
0.186151      210
0.186153        7
0.186171      149
0.186278       38
0.186296       25
0.186297        1
0.186378        6
0.186400        1
0.186420        3
0.186422       24
0.186490        1
0.186547        2
0.186631        1
0.186671      104
0.186673        1
0.186691       59
0.186798        5
0.186816       63
0.186836        1
0.186898        3
0.186940        6
0.186942        1
0.186960       11
0.187065        1
0.187065      223
0.187067        4
0.187085      143
0.187191       32
0.187209       40
0.187292        8
0.187334        3
0.187336       30
0.187418        1
0.187460        2
0.187480        1
0.187585      114
0.187587        3
0.187605       64
0.187711        2
0.187729       55
0.187749        1
0.187750        1
0.187834        1
0.187838        1
0.187854        4
0.187856        1
0.187874        6
0.187978      181
0.187980        5
0.187998      104
0.188042        1
0.188105       43
0.188123       40
0.188125        1
0.188142        1
0.188206        7
0.188227        1
0.188231        1
0.188247        2
0.188249       29
0.188332        5
0.188374        5
0.188498      111
0.188518       75
0.188625        6
0.188643       55
0.188663        2
0.188711        1
0.188726        1
0.188747        1
0.188767        5
0.188769        1
0.188787        3
0.188838        1
0.188870        1
0.188892        1
0.188892      179
0.188894        3
0.188912      114
0.189018       37
0.189036       28
0.189038        1
0.189119        6
0.189145        1
0.189161        1
0.189163       29
0.189246        2
0.189287        7
0.189289        1
0.189412       97
0.189432       83
0.189498        1
0.189538        5
0.189557       47
0.189576        2
0.189659        1
0.189665        1
0.189681        7
0.189683        3
0.189701        9
0.189766        1
0.189806      167
0.189807        5
0.189826       85
0.189830        1
0.189892        2
0.189914        1
0.189932       31
0.189950       31
0.189952        6
0.190019        1
0.190033        4
0.190077       38
0.190145        1
0.190201        3
0.190307        1
0.190326       98
0.190327        2
0.190346       89
0.190452        8
0.190470       56
0.190490        2
0.190553        2
0.190595        1
0.190597        3
0.190615        5
0.190719      184
0.190721        3
0.190739       80
0.190846       31
0.190864       23
0.190866        5
0.190947        2
0.190988        3
0.190990       38
0.191073        2
0.191115        5
0.191135        2
0.191219        1
0.191239       92
0.191259      105
0.191366       10
0.191384       39
0.191404        3
0.191467        2
0.191508        1
0.191508        4
0.191510        7
0.191528       11
0.191633      157
0.191635        1
0.191653       75
0.191759       37
0.191777       27
0.191779       11
0.191796        1
0.191860        8
0.191902        1
0.191904       34
0.191987        1
0.191990        1
0.192028        5
0.192048        1
0.192135        1
0.192153       83
0.192155        1
0.192173       87
0.192239        1
0.192279        8
0.192297       23
0.192317        4
0.192370        1
0.192380        1
0.192422        2
0.192424        4
0.192442       12
0.192443        1
0.192547      151
0.192548        6
0.192566       77
0.192673       47
0.192691       20
0.192693        6
0.192774        6
0.192799        3
0.192816        4
0.192817       24
0.192942        8
0.192962        3
0.193067       94
0.193068        1
0.193086      116
0.193193        8
0.193211       35
0.193231        3
0.193294        1
0.193336        6
0.193337        3
0.193355       12
0.193460      142
0.193462        3
0.193480       55
0.193547        1
0.193587       33
0.193605       17
0.193606       12
0.193687        7
0.193729        3
0.193731       26
0.193814        1
0.193839        1
0.193856        6
0.193875        3
0.193980       72
0.193982        3
0.194000       92
0.194107        8
0.194125       35
0.194144        6
0.194249        3
0.194251        3
0.194269        7
0.194334        2
0.194374      110
0.194376        3
0.194394       51
0.194500       38
0.194518       23
0.194520       16
0.194601        6
0.194627        4
0.194643        1
0.194645       26
0.194727        3
0.194753        1
0.194769        4
0.194789        7
0.194857        1
0.194879        1
0.194894       84
0.194896        3
0.194914      103
0.195020        7
0.195038       29
0.195058        3
0.195121        2
0.195163        4
0.195165        1
0.195183        9
0.195267        1
0.195287      120
0.195289        1
0.195307       60
0.195414       42
0.195416        1
0.195432       15
0.195434       24
0.195515        5
0.195540        3
0.195556        4
0.195558       25
0.195641        1
0.195683        5
0.195685        1
0.195703        2
0.195807       71
0.195809        1
0.195827       94
0.195934        9
0.195952       26
0.195972        2
0.196017        1
0.196021        1
0.196035        1
0.196055        1
0.196076        5
0.196078        4
0.196096        6
0.196183        1
0.196201      132
0.196203        1
0.196221       61
0.196223        1
0.196306        1
0.196327       24
0.196329        1
0.196345       20
0.196347       27
0.196428        2
0.196454        3
0.196470        2
0.196472       24
0.196492        1
0.196596        3
0.196616        5
0.196681        1
0.196721       51
0.196741       83
0.196761        4
0.196847        8
0.196849        1
0.196865       28
0.196885        3
0.196948        1
0.196990        1
0.196992        2
0.197010       11
0.197115       95
0.197116        6
0.197135       38
0.197136        1
0.197241       34
0.197259       16
0.197261       22
0.197342        5
0.197367        7
0.197384        3
0.197385       25
0.197510        2
0.197530        7
0.197635       63
0.197636        3
0.197655       90
0.197674        4
0.197737        1
0.197761       13
0.197775        1
0.197779       27
0.197799        4
0.197862        1
0.197887        1
0.197904        2
0.197905       10
0.197924       15
0.198028       89
0.198030        1
0.198048       36
0.198155       49
0.198173       15
0.198175       34
0.198255        5
0.198281        3
0.198297        1
0.198299       26
0.198319        1
0.198382        2
0.198424        2
0.198444        2
0.198526        1
0.198548       62
0.198568       88
0.198588        6
0.198675        9
0.198693       31
0.198695        4
0.198713        5
0.198817        4
0.198819        8
0.198837        8
0.198854        1
0.198902        1
0.198942       76
0.198944        5
0.198962       39
0.198964        1
0.199028        1
0.199068       28
0.199070        2
0.199086       11
0.199088       38
0.199155        1
0.199169        6
0.199195        2
0.199211        2
0.199213       29
0.199233        3
0.199296        1
0.199337        4
0.199357        4
0.199462       58
0.199464        3
0.199482       54
0.199484        1
0.199502        9
0.199548        1
0.199574        1
0.199588        6
0.199590        1
0.199606       31
0.199608        5
0.199626        2
0.199733        7
0.199751       15
0.199816        1
0.199834        1
0.199855       89
0.199857        2
0.199875       49
0.199982       28
0.200000       12
0.200002       28
0.200083        5
0.200108        2
0.200125        4
0.200126       25
0.200146        3
0.200209        1
0.200251        2
0.200271        2
0.200336        1
0.200354        1
0.200375       50
0.200377        1
0.200395       64
0.200415        4
0.200480        1
0.200502       12
0.200520       24
0.200522        7
0.200540        3
0.200603        1
0.200606        1
0.200623        1
0.200624        1
0.200645        2
0.200646       13
0.200664        5
0.200769        1
0.200769       88
0.200771        1
0.200789       28
0.200895       36
0.200914       13
0.200915       40
0.200932        1
0.200996        4
0.201000        1
0.201022        3
0.201038        2
0.201040       25
0.201060        1
0.201144        1
0.201148        1
0.201165        1
0.201166        1
0.201184        5
0.201289       41
0.201309       61
0.201329        6
0.201416       17
0.201434       21
0.201435        5
0.201453        6
0.201520        1
0.201542        1
0.201558        2
0.201560       10
0.201578        4
0.201683       73
0.201685        1
0.201703       34
0.201704        2
0.201769        1
0.201787        1
0.201809       30
0.201827       11
0.201829       31
0.201849        1
0.201910        4
0.201936        4
0.201952        4
0.201954       20
0.201973        5
0.202036        1
0.202040        1
0.202062        1
0.202078        2
0.202080        3
0.202098        2
0.202203       59
0.202205        1
0.202223       60
0.202224        1
0.202242       10
0.202329        5
0.202347       17
0.202349        5
0.202367        5
0.202472        1
0.202474       11
0.202492        4
0.202556        1
0.202560        1
0.202596       71
0.202598        1
0.202616       21
0.202618        1
0.202723       31
0.202741       11
0.202743       41
0.202824        3
0.202849        2
0.202865        3
0.202867       17
0.202887        8
0.202992        2
0.202994        1
0.203012        1
0.203032        2
0.203055        1
0.203062        1
0.203116       49
0.203136       49
0.203156        4
0.203243       12
0.203261       19
0.203263        7
0.203281        3
0.203344        1
0.203385        1
0.203387        8
0.203405       12
0.203449        1
0.203494        1
0.203510       68
0.203512        1
0.203530       26
0.203532        1
0.203571        1
0.203636       26
0.203654       15
0.203656       40
0.203737       10
0.203763        3
0.203779        2
0.203781       14
0.203783        1
0.203801        3
0.203905        2
0.203907        2
0.203925        8
0.203945        1
0.204030       54
0.204050       65
0.204052        1
0.204067        1
0.204070        7
0.204134        1
0.204156       10
0.204174       18
0.204176        8
0.204194        5
0.204299        1
0.204301       16
0.204319       12
0.204424       73
0.204443       26
0.204445        2
0.204528        1
0.204550       27
0.204568       12
0.204570       35
0.204590        1
0.204651       10
0.204654        1
0.204673        1
0.204676        3
0.204693        2
0.204694       19
0.204714        7
0.204819        3
0.204821        2
0.204839        6
0.204859        1
0.204865        1
0.204944       45
0.204963       52
0.204983        9
0.205070       10
0.205088       10
0.205090       16
0.205108        3
0.205135        1
0.205196        2
0.205213        1
0.205214       10
0.205233        7
0.205234        1
0.205297        1
0.205301        1
0.205337       68
0.205339        2
0.205357       24
0.205359        2
0.205464       23
0.205465        1
0.205482       10
0.205483       38
0.205564        5
0.205590        1
0.205606        1
0.205608        9
0.205610        1
0.205628        8
0.205716        1
0.205733        4
0.205734        2
0.205753        4
0.205772        1
0.205817        1
0.205857       49
0.205859        1
0.205861        1
0.205877       51
0.205897        4
0.205984       20
0.206002       14
0.206003       10
0.206022        2
0.206080        1
0.206084        1
0.206110        1
0.206126        1
0.206128       10
0.206146        6
0.206211        1
0.206251       76
0.206271       19
0.206273        2
0.206355        1
0.206377       15
0.206395       15
0.206397       30
0.206478        5
0.206503        1
0.206504        1
0.206520        5
0.206522       21
0.206524        2
0.206542        4
0.206646        1
0.206648        3
0.206666        6
0.206771       44
0.206791       31
0.206811        3
0.206875        3
0.206897       13
0.206915       11
0.206917       13
0.206935        4
0.206998        1
0.206998        1
0.207024        2
0.207040        2
0.207042       12
0.207060       11
0.207062        1
0.207124        1
0.207150        2
0.207164       64
0.207166        4
0.207184       12
0.207186        3
0.207291       27
0.207309       10
0.207311       49
0.207392        1
0.207417        9
0.207435       13
0.207455        7
0.207498        1
0.207518        1
0.207562        3
0.207580        3
0.207684       40
0.207686        1
0.207704       41
0.207706        1
0.207724        5
0.207811       16
0.207829       16
0.207831       10
0.207912        2
0.207937        1
0.207955        5
0.207973        5
0.207975        5
0.208056        1
0.208064        1
0.208078       60
0.208080        1
0.208098       21
0.208100        1
0.208204        1
0.208204       14
0.208223        8
0.208224       26
0.208244        2
0.208305        9
0.208331        3
0.208347        2
0.208349       16
0.208351        1
0.208369       14
0.208475        2
0.208493        1
0.208513        1
0.208598       39
0.208618       33
0.208638        3
0.208724       12
0.208743       11
0.208744       18
0.208762        4
0.208851        3
0.208867        2
0.208869        9
0.208887       10
0.208889        7
0.208955        1
0.208992       44
0.208994        1
0.208995        1
0.209012       18
0.209013        2
0.209100        1
0.209118       27
0.209120        1
0.209136        7
0.209138       52
0.209158        2
0.209219        5
0.209244       11
0.209261        2
0.209263       14
0.209282       13
0.209371        2
0.209387        2
0.209389        3
0.209407        1
0.209427        1
0.209512       36
0.209514        1
0.209532       31
0.209551        7
0.209616        2
0.209638        1
0.209638       15
0.209656       17
0.209658       10
0.209676        4
0.209739        1
0.209764        2
0.209783       13
0.209801        5
0.209802        3
0.209844        1
0.209869        1
0.209883        1
0.209905       53
0.209907        2
0.209909        1
0.209925       22
0.210032       28
0.210035        1
0.210050       12
0.210052       30
0.210071        2
0.210133        7
0.210158        5
0.210160        1
0.210176       14
0.210196        2
0.210301        3
0.210303        3
0.210321        3
0.210385        1
0.210425       36
0.210445       28
0.210465        3
0.210552       12
0.210554        2
0.210570       16
0.210572       10
0.210653        1
0.210694        1
0.210696       14
0.210714        9
0.210716        3
0.210819       57
0.210821        1
0.210823        1
0.210839       15
0.210841        4
0.210945       20
0.210963        7
0.210965       26
0.210985        1
0.211046        3
0.211072        8
0.211088        1
0.211090        8
0.211092        1
0.211110        4
0.211216        2
0.211234        5
0.211236        1
0.211339       33
0.211341        3
0.211342        1
0.211359       28
0.211379        4
0.211465       14
0.211483       13
0.211485        8
0.211503        2
0.211566        1
0.211610        9
0.211628        6
0.211630        4
0.211693        1
0.211733       47
0.211734        1
0.211736        1
0.211752       19
0.211754        3
0.211837        1
0.211844        1
0.211859       18
0.211861        1
0.211877       12
0.211879       40
0.211899        1
0.211960        1
0.211985        4
0.212002        1
0.212003       15
0.212005        2
0.212023        3
0.212086        1
0.212090        1
0.212128        1
0.212130        2
0.212148        3
0.212198        1
0.212253       30
0.212254        1
0.212272       30
0.212292        4
0.212379        8
0.212397        8
0.212399       12
0.212417        2
0.212523        3
0.212541        7
0.212543        1
0.212626        1
0.212632        1
0.212646       36
0.212666       14
0.212668        3
0.212736        1
0.212773       19
0.212774        1
0.212791       12
0.212792       33
0.212812        1
0.212873        8
0.212899        4
0.212917        8
0.212919        2
0.212937        6
0.213000        1
0.213042        3
0.213061        2
0.213126        1
0.213166       30
0.213168        1
0.213186       20
0.213188        1
0.213206        2
0.213293        8
0.213311       13
0.213312       14
0.213331        2
0.213419        1
0.213435        1
0.213437        3
0.213455        4
0.213457        5
0.213560       57
0.213562        2
0.213580       14
0.213581        4
0.213650        1
0.213650        1
0.213672        1
0.213686       33
0.213704        4
0.213706       24
0.213726        2
0.213787        5
0.213813       11
0.213829        2
0.213831       18
0.213832        9
0.213851        5
0.213913        1
0.213917        1
0.213939        3
0.213957        1
0.213975        4
0.214080       26
0.214082        2
0.214100       23
0.214101        1
0.214120        1
0.214184        1
0.214206       16
0.214224        9
0.214226       14
0.214244        1
0.214307        2
0.214314        1
0.214333        2
0.214349        1
0.214351        7
0.214369        6
0.214371        4
0.214473       39
0.214475        2
0.214477        1
0.214493       11
0.214495        1
0.214515        1
0.214600       23
0.214602        1
0.214618        5
0.214620       30
0.214622        1
0.214640        4
0.214701        3
0.214726        2
0.214744       12
0.214746        4
0.214764        7
0.214827        2
0.214852        1
0.214869        3
0.214871        2
0.214889        5
0.214909        1
0.214953        1
0.214993       21
0.214995        1
0.215013       19
0.215015        2
0.215033        5
0.215120        7
0.215138       16
0.215140       21
0.215158        3
0.215246        2
0.215262        1
0.215264        6
0.215266        1
0.215282       10
0.215284        5
0.215347        4
0.215365        1
0.215387       49
0.215389        1
0.215391        2
0.215407       11
0.215409        1
0.215513       22
0.215531        7
0.215533       20
0.215553        3
0.215614        4
0.215620        1
0.215640        8
0.215656        1
0.215658        1
0.215658        7
0.215660        5
0.215678        4
0.215741        1
0.215744        1
0.215782        3
0.215784        5
0.215802        5
0.215887        1
0.215907       32
0.215909        2
0.215927       21
0.215929        1
0.215947        3
0.216012        1
0.216033       14
0.216051       10
0.216053       22
0.216071        1
0.216160        2
0.216176        1
0.216178        7
0.216196        5
0.216198        3
0.216301       43
0.216321       20
0.216322        3
0.216427       27
0.216445        2
0.216447       28
0.216449        1
0.216467        4
0.216528        5
0.216553        1
0.216570        2
0.216571       17
0.216573        3
0.216591        3
0.216676        1
0.216696        1
0.216698        2
0.216716        5
0.216718        2
0.216821       35
0.216822        2
0.216841       16
0.216860        2
0.216947       10
0.216965       11
0.216967       10
0.216987        1
0.217048        1
0.217068        1
0.217073        3
0.217090        1
0.217092       12
0.217110        2
0.217111        8
0.217214       47
0.217218        2
0.217234       11
0.217236        4
0.217341       29
0.217342        1
0.217359        6
0.217361       21
0.217380        5
0.217442        5
0.217467        7
0.217483        1
0.217485        1
0.217485        3
0.217487        7
0.217505        2
0.217593        1
0.217612        6
0.217630        4
0.217631        1
0.217734       30
0.217754       16
0.217756        1
0.217774        6
0.217861       11
0.217879        5
0.217881       20
0.217899        2
0.217900        2
0.217981        1
0.217987        4
0.218005        9
0.218007        1
0.218023        9
0.218025        5
0.218128       46
0.218130        1
0.218132        1
0.218148        6
0.218150        1
0.218254       26
0.218256        1
0.218272       10
0.218274       24
0.218294        2
0.218355        2
0.218381        5
0.218397        1
0.218399        9
0.218401        3
0.218419        3
0.218523        1
0.218525        4
0.218543        5
0.218563        1
0.218608        1
0.218648       25
0.218650        1
0.218668       19
0.218688        4
0.218756        1
0.218774        3
0.218792        5
0.218794       14
0.218812        5
0.218875        1
0.218901        3
0.218919       11
0.218937        5
0.218939        8
0.218959        1
0.219041       31
0.219043        1
0.219061       12
0.219063        4
0.219168       17
0.219170        1
0.219186        8
0.219188       25
0.219208        8
0.219269        5
0.219294        5
0.219311        1
0.219312        6
0.219314        5
0.219332        1
0.219352        1
0.219421        1
0.219437        2
0.219439        1
0.219457        1
0.219459        2
0.219477        1
0.219562       14
0.219581       15
0.219601        8
0.219688        7
0.219690        1
0.219706        7
0.219708        9
0.219726        4
0.219814        2
0.219832        2
0.219850        5
0.219852        3
0.219955       46
0.219959        2
0.219975       12
0.219977        2
0.219979        1
0.220082       19
0.220100        5
0.220101       16
0.220121        5
0.220182        4
0.220186        1
0.220208        8
0.220224        1
0.220226       12
0.220228        4
0.220246        6
0.220334        1
0.220351        2
0.220352        5
0.220370        2
0.220372        2
0.220475       26
0.220495       18
0.220497        1
0.220515        7
0.220580        1
0.220602        3
0.220620        3
0.220621       19
0.220639        1
0.220726        1
0.220728        7
0.220746        9
0.220748        1
0.220764        4
0.220766        5
0.220829        2
0.220832        1
0.220869       25
0.220889        6
0.220890        4
0.220959        1
0.220995       12
0.221013        8
0.221015       17
0.221035        5
0.221096        4
0.221122        4
0.221140       10
0.221141        6
0.221159        6
0.221179        1
0.221248        1
0.221264        2
0.221266        5
0.221284        5
0.221286        4
0.221352        1
0.221389       23
0.221391        1
0.221392        1
0.221409       14
0.221429        2
0.221515        9
0.221533        6
0.221535       12
0.221553        2
0.221555        1
0.221616        2
0.221618        1
0.221658        2
0.221660        3
0.221678        5
0.221679        5
0.221699        1
0.221768        1
0.221782       26
0.221784        1
0.221786        1
0.221802       11
0.221804        2
0.221909       14
0.221927        7
0.221929       14
0.221949        4
0.221967        1
0.222010        3
0.222035       10
0.222053        3
0.222055        5
0.222073        2
0.222180        4
0.222198        7
0.222199        2
0.222302       25
0.222322       15
0.222324        1
0.222342        2
0.222407        1
0.222429        9
0.222447        3
0.222449       13
0.222469        3
0.222555        2
0.222573        6
0.222575        1
0.222591        2
0.222593        4
0.222613        1
0.222656        2
0.222696       39
0.222698        2
0.222700        1
0.222716       15
0.222738        1
0.222822       20
0.222840        7
0.222842       27
0.222844        5
0.222862        5
0.222923        6
0.222949        4
0.222967        5
0.222969        4
0.222987        5
0.223050        1
0.223075        1
0.223091        1
0.223093        3
0.223111        3
0.223113        2
0.223194        1
0.223198        1
0.223216       17
0.223218        1
0.223220        1
0.223236        9
0.223256        4
0.223302        1
0.223342        8
0.223360       10
0.223362       15
0.223382        2
0.223469        3
0.223487        3
0.223505        6
0.223507        2
0.223610       38
0.223611        1
0.223613        1
0.223629       10
0.223631        4
0.223633        1
0.223696        1
0.223736       13
0.223754        6
0.223756       10
0.223776        3
0.223837        2
0.223862        6
0.223880        7
0.223882        5
0.223900        1
0.223963        1
0.223989        1
0.224005        2
0.224007        5
0.224025        1
0.224027        2
0.224130       28
0.224149       13
0.224151        1
0.224169        2
0.224256       11
0.224274        7
0.224276        7
0.224294        1
0.224382        2
0.224399        1
0.224400        2
0.224402        2
0.224420        3
0.224523       30
0.224527        1
0.224543       11
0.224545        3
0.224595        1
0.224650       15
0.224668        3
0.224669        9
0.224671        1
0.224689        1
0.224750        7
0.224756        1
0.224776        5
0.224794       13
0.224796        4
0.224814        4
0.224902        1
0.224920        2
0.224939        2
0.224940        3
0.225043       25
0.225045        3
0.225063        6
0.225083        1
0.225170        9
0.225171        1
0.225188        6
0.225190        9
0.225209        2
0.225270        1
0.225296        1
0.225314        6
0.225316        1
0.225332        2
0.225334        5
0.225401        1
0.225419        1
0.225437       41
0.225457        3
0.225459        2
0.225523        1
0.225563       11
0.225581        4
0.225583       12
0.225603        5
0.225664        6
0.225690        1
0.225708        8
0.225710        9
0.225728        4
0.225747        1
0.225790        1
0.225792        1
0.225816        1
0.225834        3
0.225852        2
0.225854        2
0.225872        2
0.225917        1
0.225957       23
0.225960        1
0.225977       13
0.225979        1
0.225997        1
0.225998        1
0.226083        5
0.226101        9
0.226103       13
0.226123        6
0.226210        3
0.226226        1
0.226228        5
0.226246        1
0.226248        3
0.226350       27
0.226352        2
0.226370       14
0.226372        1
0.226392        1
0.226455        1
0.226477       13
0.226495        6
0.226497       15
0.226517        2
0.226578        2
0.226581        1
0.226603        3
0.226619        3
0.226621        5
0.226623        6
0.226730        1
0.226746        2
0.226748        4
0.226766        8
0.226768        2
0.226870       20
0.226872        1
0.226890        7
0.226894        1
0.226912        1
0.226997        7
0.227015        7
0.227017       15
0.227019        1
0.227037        2
0.227118        1
0.227123        2
0.227141        4
0.227143        1
0.227159        1
0.227161        4
0.227181        1
0.227264       28
0.227268        1
0.227284       18
0.227286        3
0.227288        2
0.227351        1
0.227390        9
0.227392        1
0.227409        5
0.227410       11
0.227412        1
0.227430        7
0.227491        3
0.227517        4
0.227533        1
0.227535        6
0.227537        7
0.227555        2
0.227661        2
0.227679        4
0.227784       24
0.227804        6
0.227806        2
0.227824        5
0.227910       10
0.227912        2
0.227929        5
0.227930        9
0.227950        1
0.227970        1
0.228011        1
0.228053        1
0.228055        3
0.228057        2
0.228073        3
0.228075        3
0.228163        1
0.228178       27
0.228181        1
0.228198       11
0.228264        1
0.228304       17
0.228306        1
0.228322        5
0.228324       14
0.228326        1
0.228344        4
0.228405        2
0.228430        8
0.228447        2
0.228449        4
0.228450        9
0.228468        5
0.228531        1
0.228557        2
0.228575        1
0.228593        1
0.228595        1
0.228698       22
0.228701        1
0.228718        7
0.228719        1
0.228824       10
0.228828        1
0.228842        5
0.228844        8
0.228846        1
0.228864        2
0.228932        1
0.228951        1
0.228969        6
0.228970        1
0.228987        2
0.228988        6
0.229055        1
0.229091       28
0.229093        2
0.229095        1
0.229111        8
0.229113        5
0.229115        2
0.229153        1
0.229218       11
0.229236        7
0.229238       12
0.229239        1
0.229257        5
0.229304        1
0.229319        2
0.229326        1
0.229344        7
0.229362        3
0.229364        3
0.229382        3
0.229445        2
0.229471        3
0.229489        1
0.229507        2
0.229508        2
0.229571        1
0.229611       25
0.229613        1
0.229631       15
0.229633        1
0.229651        5
0.229738       10
0.229756        5
0.229758        6
0.229864        2
0.229880        1
0.229882        6
0.229884        1
0.229902        3
0.229922        1
0.229970        1
0.230005       36
0.230025       12
0.230027        3
0.230131       12
0.230149        3
0.230151        9
0.230171        5
0.230232        5
0.230254        1
0.230274        2
0.230276        5
0.230278        4
0.230297        1
0.230400        2
0.230402        2
0.230412        1
0.230420        5
0.230422        3
0.230503        1
0.230525       19
0.230545        8
0.230547        4
0.230565        3
0.230651        6
0.230669        3
0.230671        4
0.230689        1
0.230691        3
0.230711        1
0.230778        1
0.230796        6
0.230798        1
0.230814        7
0.230919       16
0.230920        2
0.230922        3
0.230938        4
0.230940        3
0.231005        1
0.231045       12
0.231063        3
0.231065       11
0.231067        1
0.231085        1
0.231146        3
0.231171        5
0.231189        8
0.231191        3
0.231209        1
0.231211        3
0.231298        3
0.231314        1
0.231316        1
0.231336        2
0.231417        1
0.231439       13
0.231440        1
0.231458        7
0.231460        2
0.231462        1
0.231478        2
0.231480        1
0.231505        1
0.231565        5
0.231567        1
0.231583        6
0.231585        9
0.231603        2
0.231605        2
0.231691        3
0.231709        2
0.231711        5
0.231727        1
0.231729        2
0.231749        1
0.231832       15
0.231836        1
0.231852        8
0.231854        3
0.231874        3
0.231919        1
0.231938        1
0.231959       10
0.231977        3
0.231978        9
0.231980        2
0.231998        3
0.232059        4
0.232063        1
0.232085        3
0.232103        7
0.232105        5
0.232125        1
0.232143        1
0.232228        1
0.232229        1
0.232247        2
0.232249        3
0.232269        1
0.232352       12
0.232354        1
0.232356        1
0.232372        6
0.232392        4
0.232457        1
0.232479        7
0.232497        6
0.232498        9
0.232517        1
0.232518        1
0.232538        1
0.232587        1
0.232621        1
0.232623        6
0.232625        3
0.232641        4
0.232643        2
0.232663        1
0.232746       18
0.232748        1
0.232751        1
0.232766        4
0.232769        1
0.232872       14
0.232874        1
0.232890        2
0.232892        7
0.232912        4
0.232932        1
0.232973        3
0.232999        4
0.233015        2
0.233017        4
0.233018        4
0.233037        2
0.233125        2
0.233143        3
0.233145        3
0.233161        2
0.233163        2
0.233181        1
0.233183        1
0.233266       14
0.233269        1
0.233286        6
0.233306        4
0.233307        1
0.233392        8
0.233410        3
0.233412        6
0.233430        1
0.233432        5
0.233519        3
0.233537        3
0.233538        1
0.233555        1
0.233557        1
0.233645        1
0.233659       32
0.233663        1
0.233679        7
0.233681        2
0.233683        1
0.233768        1
0.233786       10
0.233804        1
0.233806        7
0.233808        1
0.233826        1
0.233887        2
0.233912        5
0.233928        1
0.233930        4
0.233932        5
0.233952        1
0.233970        1
0.234039        2
0.234057        2
0.234058        1
0.234075        2
0.234077        2
0.234179       16
0.234181        1
0.234183        1
0.234199        7
0.234201        1
0.234219        1
0.234221        1
0.234284        1
0.234306        6
0.234324        5
0.234326        9
0.234344        1
0.234346        2
0.234432        2
0.234448        1
0.234450        2
0.234452        1
0.234468        4
0.234470        3
0.234537        1
0.234559        1
0.234573       21
0.234575        1
0.234577        3
0.234593        7
0.234595        1
0.234615        1
0.234658        1
0.234699       10
0.234717        2
0.234719       10
0.234721        1
0.234739        2
0.234826        4
0.234844        3
0.234846        1
0.234864        3
0.234952        1
0.234988        2
0.234990        2
0.235008        1
0.235093       20
0.235095        2
0.235097        1
0.235113        4
0.235115        1
0.235133        2
0.235219        3
0.235237        5
0.235239        4
0.235259        2
0.235279        1
0.235320        3
0.235362        1
0.235364        6
0.235366        1
0.235382        4
0.235384        3
0.235487       21
0.235490        2
0.235507        9
0.235508        1
0.235510        2
0.235613       12
0.235631        3
0.235633        7
0.235635        1
0.235653        6
0.235703        1
0.235714        4
0.235739        5
0.235756        1
0.235758        2
0.235759        4
0.235777        1
0.235866        1
0.235884        3
0.235902        1
0.235904        2
0.235970        1
0.235992        1
0.236007       17
0.236027        9
0.236028        1
0.236046        3
0.236074        1
0.236111        1
0.236133        8
0.236135        1
0.236151        1
0.236153       11
0.236171        1
0.236173        5
0.236234        4
0.236259        1
0.236278        3
0.236279        3
0.236296        4
0.236297        1
0.236400       17
0.236420        7
0.236422        1
0.236424        1
0.236442        1
0.236527        5
0.236545        2
0.236547        3
0.236566        2
0.236628        2
0.236653        3
0.236671        2
0.236673        5
0.236691        1
0.236711        2
0.236796        1
0.236798        4
0.236799        1
0.236816        2
0.236898        1
0.236920       18
0.236924        1
0.236940        7
0.236942        1
0.236944        1
0.236960        5
0.236982        1
0.237007        1
0.237028        1
0.237047        4
0.237049        1
0.237065        9
0.237067        3
0.237085        1
0.237086        1
0.237148        1
0.237191        3
0.237193        2
0.237209        2
0.237211        2
0.237231        1
0.237314       26
0.237318        1
0.237334        9
0.237336        1
0.237426        1
0.237440        4
0.237442        1
0.237458        3
0.237460        8
0.237541        5
0.237567        4
0.237569        1
0.237585        4
0.237587        4
0.237693        1
0.237713        2
0.237729        1
0.237731        2
0.237819        1
0.237834       12
0.237854        6
0.237874        4
0.237958        1
0.237960        5
0.237978        3
0.237980        9
0.238000        1
0.238087        1
0.238103        1
0.238105        4
0.238107        1
0.238123        3
0.238125        1
0.238145        1
0.238213        1
0.238228       17
0.238231        2
0.238247        7
0.238249        3
0.238251        2
0.238332        1
0.238354        2
0.238356        1
0.238372        2
0.238374       10
0.238376        1
0.238394        2
0.238395        2
0.238455        6
0.238480        4
0.238482        1
0.238497        1
0.238498        7
0.238500        6
0.238518        1
0.238520        1
0.238538        1
0.238607        1
0.238623        1
0.238625        3
0.238627        1
0.238643        1
0.238645        1
0.238748       14
0.238749        1
0.238767        3
0.238769        3
0.238787        3
0.238834        1
0.238872        1
0.238874        6
0.238876        1
0.238892        3
0.238894        1
0.238896        1
0.238914        3
0.238975        1
0.238995        1
0.239000        2
0.239017        2
0.239018        3
0.239020        6
0.239036        3
0.239038        3
0.239127        1
0.239141       18
0.239145        1
0.239161        5
0.239165        1
0.239268        8
0.239286        3
0.239287        5
0.239289        2
0.239307        3
0.239368        3
0.239394        6
0.239410        2
0.239412        5
0.239414        3
0.239432        3
0.239434        3
0.239520        1
0.239556        5
0.239578        1
0.239643        1
0.239661       12
0.239665        1
0.239681        4
0.239683        2
0.239685        1
0.239701        2
0.239788        3
0.239791        1
0.239806        4
0.239807        8
0.239825        1
0.239827        2
0.239932        4
0.239934        2
0.239950        3
0.239952        1
0.239972        1
0.240055       22
0.240057        1
0.240058        2
0.240075        9
0.240076        2
0.240163        1
0.240181        7
0.240185        2
0.240199        5
0.240201        7
0.240203        2
0.240221        2
0.240282        4
0.240308        1
0.240326        2
0.240327        2
0.240345        4
0.240434        3
0.240452        2
0.240454        2
0.240470        3
0.240575        9
0.240595        6
0.240596        3
0.240615        3
0.240701        9
0.240719        2
0.240721        5
0.240822        1
0.240828        2
0.240846        3
0.240847        1
0.240864        4
0.240866        1
0.240867        1
0.240968       19
0.240972        2
0.240988        6
0.240990        2
0.240992        1
0.241073        1
0.241095        6
0.241113        5
0.241115       10
0.241196        7
0.241221        8
0.241237        1
0.241239        4
0.241241        4
0.241261        2
0.241366        5
0.241367        1
0.241384        4
0.241488        8
0.241508        3
0.241510        3
0.241512        1
0.241615        5
0.241633        5
0.241635        5
0.241655        3
0.241701        1
0.241716        1
0.241741        6
0.241757        1
0.241759        7
0.241761        3
0.241777        1
0.241779        5
0.241799        1
0.241842        1
0.241868        1
0.241882       19
0.241886        2
0.241902       10
0.241904        1
0.241924        1
0.242008        8
0.242026        2
0.242028        4
0.242048        2
0.242109        5
0.242135        2
0.242151        1
0.242153        4
0.242155        2
0.242175        1
0.242193        1
0.242236        1
0.242297        2
0.242299        1
0.242362        1
0.242402       17
0.242422        8
0.242424        2
0.242444        1
0.242463        1
0.242528        2
0.242546        2
0.242548        4
0.242566        1
0.242568        2
0.242655        2
0.242673        2
0.242675        2
0.242691        2
0.242693        1
0.242776        1
0.242796       20
0.242799        3
0.242815        8
0.242817        2
0.242922        8
0.242924        1
0.242926        1
0.242940        1
0.242942        3
0.242946        1
0.242962        4
0.243023        3
0.243048        1
0.243065        1
0.243068        3
0.243088        2
0.243175        3
0.243193        2
0.243195        2
0.243211        2
0.243213        1
0.243231        1
0.243276        1
0.243301        1
0.243316        6
0.243319        1
0.243336        5
0.243337        1
0.243442        5
0.243460        2
0.243462        4
0.243482        2
0.243568        2
0.243586        2
0.243588        1
0.243605        1
0.243606        4
0.243608        1
0.243691        1
0.243709       14
0.243715        1
0.243729        2
0.243731        1
0.243836        6
0.243854        1
0.243856        4
0.243875        2
0.243936        3
0.243944        1
0.243962        5
0.243980        3
0.243982        4
0.244002        3
0.244090        1
0.244106        5
0.244125        4
0.244126        5
0.244166        1
0.244215        1
0.244229       10
0.244249        5
0.244251        1
0.244269        1
0.244337        2
0.244356        3
0.244374        1
0.244376        3
0.244377        1
0.244394        1
0.244395        1
0.244482        4
0.244498        1
0.244500        5
0.244520        2
0.244522        1
0.244623       12
0.244626        1
0.244643        8
0.244645        1
0.244735        1
0.244749        7
0.244753        1
0.244767        4
0.244769        7
0.244771        2
0.244773        1
0.244789        1
0.244850        6
0.244856        1
0.244876        1
0.244894        1
0.244896        5
0.244915        1
0.244935        1
0.245000        1
0.245002        1
0.245018        1
0.245020        2
0.245022        2
0.245038        2
0.245040        4
0.245143       22
0.245145        1
0.245147        1
0.245163        4
0.245165        1
0.245166        1
0.245183        1
0.245269        1
0.245287        2
0.245289        5
0.245291        1
0.245307        1
0.245309        2
0.245370        1
0.245374        1
0.245377        1
0.245396        2
0.245412        1
0.245414        3
0.245416        2
0.245432        1
0.245434        4
0.245497        2
0.245522        1
0.245536       17
0.245538        1
0.245540        2
0.245556        6
0.245558        2
0.245560        2
0.245625        1
0.245663        7
0.245681        2
0.245683        4
0.245764        3
0.245789        4
0.245807        1
0.245809        4
0.245829        1
0.245890        1
0.245910        1
0.245916        2
0.245932        1
0.245934        3
0.245952        3
0.245954        1
0.245972        1
0.246056       10
0.246076        4
0.246078        2
0.246080        1
0.246096        2
0.246163        1
0.246179        1
0.246183        5
0.246201        2
0.246203        6
0.246221        1
0.246223        3
0.246284        1
0.246326        2
0.246327        2
0.246329        2
0.246345        4
0.246347        1
0.246349        2
0.246387        1
0.246436        1
0.246450       10
0.246454        1
0.246470        5
0.246576        9
0.246595        3
0.246596        5
0.246598        2
0.246616        1
0.246677        2
0.246703        4
0.246721        1
0.246723        3
0.246725        1
0.246741        2
0.246743        2
0.246807        1
0.246829        2
0.246844        1
0.246846        1
0.246847        1
0.246849        1
0.246865        2
0.246867        1
0.246869        1
0.246885        1
0.246956        1
0.246970        7
0.246974        2
0.246990        5
0.246992        4
0.247096        5
0.247115        3
0.247116        3
0.247223        1
0.247239        1
0.247241        2
0.247243        1
0.247259        4
0.247261        1
0.247281        3
0.247324        1
0.247364       12
0.247384        7
0.247385        3
0.247387        2
0.247490        9
0.247494        1
0.247508        3
0.247510        4
0.247530        2
0.247591        4
0.247617        6
0.247633        2
0.247634        1
0.247635        2
0.247636        2
0.247654        2
0.247674        1
0.247743        2
0.247761        3
0.247763        2
0.247783        1
0.247884       10
0.247887        2
0.247904        2
0.247923        1
0.248010        6
0.248028        1
0.248030        3
0.248032        2
0.248050        2
0.248111        1
0.248137        2
0.248153        1
0.248155        7
0.248173        3
0.248277       10
0.248279        1
0.248281        2
0.248283        3
0.248297        6
0.248299        2
0.248321        1
0.248404       10
0.248422        4
0.248424        5
0.248443        1
0.248490        1
0.248505        2
0.248530        1
0.248548        1
0.248550        3
0.248568        1
0.248570        2
0.248635        1
0.248657        3
0.248675        2
0.248693        1
0.248694        2
0.248713        1
0.248775        1
0.248797        7
0.248799        1
0.248817        5
0.248821        2
0.248837        1
0.248924        9
0.248942        2
0.248944        2
0.248964        2
0.249068        4
0.249070        1
0.249088        1
0.249151        1
0.249177        1
0.249191       12
0.249195        3
0.249211        6
0.249213        1
0.249214        1
0.249295        1
0.249317        5
0.249335        7
0.249337        4
0.249444        5
0.249460        1
0.249462        1
0.249464        4
0.249482        1
0.249484        1
0.249566        1
0.249570        1
0.249588        2
0.249606        3
0.249608        1
0.249711        9
0.249731        2
0.249733        1
0.249751        1
0.249754        1
0.249837        6
0.249855        1
0.249857        2
0.249877        2
0.249897        1
0.249917        1
0.249938        1
0.249964        1
0.249982        5
0.250000        2
0.250002        4
0.250068        1
0.250105       20
0.250108        3
0.250110        1
0.250124        7
0.250126        1
0.250128        2
0.250191        1
0.250217        1
0.250231        7
0.250249        1
0.250251        4
0.250253        1
0.250254        1
0.250273        1
0.250332        3
0.250357        2
0.250374        1
0.250375        5
0.250377        1
0.250415        1
0.250484        2
0.250502        2
0.250585        1
0.250625        4
0.250644        5
0.250646        1
0.250648        1
0.250664        4
0.250751        1
0.250753        1
0.250769        1
0.250771        9
0.250791        1
0.250872        1
0.250894        1
0.250895        2
0.250897        2
0.250917        2
0.251018       12
0.251038       12
0.251040        2
0.251145        5
0.251148        2
0.251163        2
0.251164        3
0.251184        4
0.251245        4
0.251271        3
0.251289        2
0.251291        2
0.251311        2
0.251372        1
0.251397        1
0.251415        1
0.251435        3
0.251538        9
0.251540        1
0.251542        1
0.251558        3
0.251562        1
0.251665        3
0.251683        2
0.251684        8
0.251704        1
0.251791        6
0.251809        1
0.251811        2
0.251827        2
0.251829        3
0.251831        1
0.251892        1
0.251932       20
0.251937        1
0.251952        3
0.251955        2
0.251975        1
0.252058        2
0.252076        2
0.252078        5
0.252098        3
0.252159        4
0.252185        5
0.252201        1
0.252203        1
0.252204        9
0.252224        1
0.252242        1
0.252244        1
0.252311        2
0.252329        2
0.252331        1
0.252347        1
0.252349        1
0.252369        1
0.252452        9
0.252455        2
0.252472        5
0.252474        1
0.252475        1
0.252492        2
0.252578        1
0.252598        3
0.252616        1
0.252618        5
0.252665        1
0.252723        1
0.252725        1
0.252741        2
0.252831        1
0.252845       11
0.252847        2
0.252849        2
0.252865        2
0.252867        1
0.252932        1
0.252972        6
0.252975        1
0.252990        1
0.252992        3
0.253012        4
0.253073        4
0.253076        1
0.253102        1
0.253116        4
0.253118        4
0.253138        1
0.253158        1
0.253225        1
0.253241        1
0.253243        1
0.253245        1
0.253263        1
0.253264        1
0.253329        1
0.253365        7
0.253369        1
0.253385        2
0.253387        1
0.253405        1
0.253492        3
0.253512        2
0.253514        1
0.253532        3
0.253618        4
0.253636        1
0.253654        4
0.253656        1
0.253759        6
0.253763        1
0.253765        1
0.253779        6
0.253781        1
0.253801        1
0.253885        7
0.253904        2
0.253905        3
0.253907        1
0.253925        3
0.253986        4
0.254012        4
0.254028        2
0.254030        5
0.254032        3
0.254050        1
0.254052        2
0.254138        1
0.254156        3
0.254158        3
0.254174        1
0.254194        1
0.254243        1
0.254279       11
0.254283        1
0.254299        8
0.254303        2
0.254321        1
0.254405        4
0.254424        3
0.254425        1
0.254427        1
0.254443        2
0.254445        3
0.254532        2
0.254550        2
0.254552        2
0.254568        7
0.254570        1
0.254572        1
0.254673        8
0.254676        1
0.254693        2
0.254698        1
0.254799       15
0.254817        4
0.254819        4
0.254823        1
0.254839        1
0.254900        1
0.254925        5
0.254944        4
0.254945        4
0.254965        2
0.255052        2
0.255068        1
0.255070        3
0.255088        2
0.255108        1
0.255193       10
0.255213        3
0.255214        1
0.255216        1
0.255236        1
0.255319        5
0.255337        1
0.255339        3
0.255359        3
0.255445        3
0.255464        1
0.255465        1
0.255482        1
0.255483        3
0.255485        2
0.255550        1
0.255586       11
0.255588        1
0.255592        1
0.255606        3
0.255608        3
0.255713        8
0.255731        4
0.255733        4
0.255752        1
0.255799        1
0.255814        3
0.255839        1
0.255857        2
0.255859        1
0.255877        2
0.255897        1
0.255899        1
0.255940        1
0.255965        2
0.256003        1
0.256106        9
0.256126        3
0.256128        2
0.256146        1
0.256233        2
0.256235        1
0.256251        2
0.256253        5
0.256272        1
0.256334        1
0.256377        1
0.256379        1
0.256395        2
0.256460        1
0.256485        1
0.256500       19
0.256502        1
0.256504        3
0.256505        1
0.256520        6
0.256522        2
0.256523        1
0.256543        1
0.256626        5
0.256630        1
0.256644        3
0.256646        4
0.256650        1
0.256666        1
0.256727        3
0.256753        5
0.256773        2
0.256792        3
0.256895        1
0.256897        1
0.256937        2
0.257020        7
0.257040        9
0.257060        2
0.257062        1
0.257146        6
0.257164        1
0.257166        1
0.257168        1
0.257273        2
0.257293        2
0.257311        1
0.257399        3
0.257414        8
0.257417        2
0.257433        6
0.257435        3
0.257437        1
0.257540        8
0.257558        2
0.257560        1
0.257562        1
0.257641        5
0.257666        2
0.257684        1
0.257686        1
0.257706        2
0.257726        1
0.257811        2
0.257829        1
0.257831        1
0.257849        1
0.257934        3
0.257953        1
0.257955        3
0.257973        1
0.257977        1
0.258024        1
0.258060        7
0.258078        6
0.258080        4
0.258100        2
0.258164        1
0.258186        5
0.258204        1
0.258224        2
0.258327       11
0.258329        1
0.258331        1
0.258347        2
0.258349        1
0.258353        1
0.258369        1
0.258454        9
0.258472        1
0.258473        2
0.258554        4
0.258580        1
0.258598        1
0.258638        1
0.258640        1
0.258681        1
0.258706        1
0.258724        1
0.258742        1
0.258744        1
0.258807        1
0.258847       10
0.258867        2
0.258869        4
0.258871        1
0.258887        2
0.258889        1
0.258974        8
0.258992        4
0.259013        3
0.259116        1
0.259118        1
0.259120        3
0.259138        2
0.259224        1
0.259241        8
0.259244        1
0.259261        1
0.259262        5
0.259264        1
0.259284        1
0.259349        1
0.259367        4
0.259385        1
0.259387        4
0.259391        1
0.259468        5
0.259494        3
0.259512        1
0.259513        3
0.259533        1
0.259551        1
0.259620        2
0.259638        1
0.259640        1
0.259658        1
0.259761       13
0.259763        2
0.259764        1
0.259781        3
0.259782        2
0.259784        1
0.259801        1
0.259802        2
0.259887        2
0.259905        1
0.259907        3
0.259927        2
0.260014        3
0.260032        5
0.260033        1
0.260052        1
0.260053        1
0.260071        2
0.260140        2
0.260154       17
0.260158        1
0.260160        1
0.260174        3
0.260176        1
0.260178        1
0.260180        1
0.260266        1
0.260281        7
0.260284        1
0.260299        2
0.260301        6
0.260321        2
0.260340        2
0.260382        2
0.260407        1
0.260423        1
0.260425        5
0.260427        1
0.260447        2
0.260534        1
0.260552        2
0.260572        1
0.260674        8
0.260676        1
0.260694        7
0.260801        2
0.260819        2
0.260821        4
0.260841        1
0.260902        1
0.260945        1
0.260965        1
0.261068        6
0.261088        5
0.261090        3
0.261092        1
0.261194        3
0.261198        1
0.261212        1
0.261214        1
0.261295        2
0.261321        2
0.261339        2
0.261343        1
0.261361        1
0.261380        1
0.261447        1
0.261465        2
0.261467        2
0.261485        3
0.261505        1
0.261588        5
0.261608        2
0.261714        3
0.261732        1
0.261734        6
0.261754        2
0.261835        1
0.261841        1
0.261844        1
0.261857        1
0.261859        1
0.261861        4
0.261881        1
0.261942        2
0.261945        1
0.261967        1
0.261982        9
0.261985        1
0.262002        1
0.262003        4
0.262094        2
0.262108        5
0.262126        3
0.262128        2
0.262130        1
0.262148        2
0.262169        1
0.262209        4
0.262213        1
0.262234        2
0.262252        2
0.262254        2
0.262361        4
0.262377        1
0.262379        1
0.262381        1
0.262397        1
0.262399        1
0.262502       10
0.262505        1
0.262522        4
0.262523        3
0.262541        2
0.262628        3
0.262632        1
0.262648        3
0.262666        1
0.262668        1
0.262729        2
0.262754        3
0.262771        1
0.262772        1
0.262791        1
0.262792        1
0.262794        1
0.262873        1
0.262895        6
0.262915        3
0.262937        1
0.263022        4
0.263040        1
0.263042        4
0.263043        2
0.263061        1
0.263122        2
0.263148        4
0.263166        2
0.263168        4
0.263274        1
0.263332        1
0.263401        1
0.263415       11
0.263435        1
0.263437        2
0.263459        1
0.263520        1
0.263542        5
0.263562        3
0.263563        1
0.263580        2
0.263581        1
0.263583        1
0.263643        1
0.263668        6
0.263684        1
0.263686        1
0.263690        1
0.263706        1
0.263708        1
0.263809        6
0.263813        2
0.263829        2
0.263832        2
0.263843        1
0.263935       10
0.263939        2
0.263941        2
0.263953        3
0.263955        3
0.263957        1
0.263975        1
0.264036        5
0.264062        2
0.264078        2
0.264080        1
0.264082        2
0.264101        1
0.264119        1
0.264188        1
0.264224        2
0.264226        1
0.264244        1
0.264329        7
0.264349        4
0.264351        1
0.264455        3
0.264473        1
0.264475        1
0.264477        1
0.264479        1
0.264495        1
0.264556        1
0.264582        4
0.264598        2
0.264600        1
0.264602        1
0.264618        2
0.264620        1
0.264621        1
0.264623        1
0.264625        1
0.264722       10
0.264742        2
0.264744        1
0.264849        4
0.264867        1
0.264869        2
0.264871        1
0.264889        2
0.264910        1
0.264950        6
0.264975        1
0.264993        2
0.264995        1
0.265015        2
0.265033        1
0.265120        2
0.265122        1
0.265138        1
0.265140        3
0.265228        2
0.265242        6
0.265262        2
0.265264        1
0.265369        4
0.265387        1
0.265389        2
0.265391        1
0.265429        1
0.265448        1
0.265495        1
0.265513        3
0.265515        1
0.265531        1
0.265535        2
0.265557        1
0.265622        2
0.265636       12
0.265656        2
0.265660        1
0.265748        1
0.265763        5
0.265781        1
0.265782        5
0.265786        1
0.265802        1
0.265863        3
0.265889        4
0.265905        1
0.265907        2
0.265927        1
0.265990        1
0.266015        2
0.266032        2
0.266033        1
0.266035        1
0.266053        1
0.266073        1
0.266142        1
0.266156        6
0.266176        1
0.266196        1
0.266283        3
0.266286        1
0.266301        3
0.266302        2
0.266308        1
0.266320        1
0.266322        1
0.266324        1
0.266405        1
0.266409        2
0.266427        1
0.266429        4
0.266449        1
0.266535        2
0.266550       12
0.266555        1
0.266570        1
0.266662        1
0.266676        3
0.266678        3
0.266694        1
0.266696        2
0.266716        1
0.266777        2
0.266803        3
0.266810        1
0.266821        2
0.266822        3
0.266824        1
0.266842        1
0.266947        2
0.266949        1
0.266965        1
0.266969        2
0.267070        5
0.267075        1
0.267090        1
0.267109        1
0.267111        1
0.267113        1
0.267131        1
0.267196        3
0.267216        4
0.267236        2
0.267342        3
0.267360        1
0.267449        2
0.267463        6
0.267469        1
0.267483        6
0.267485        1
0.267570        1
0.267590        3
0.267608        1
0.267610        2
0.267691        2
0.267716        3
0.267720        1
0.267734        3
0.267736        3
0.267756        4
0.267803        1
0.267859        1
0.267861        2
0.267862        3
0.267879        1
0.267880        1
0.267983        8
0.267987        2
0.268003        3
0.268005        2
0.268007        1
0.268023        2
0.268110        3
0.268128        1
0.268130        1
0.268150        1
0.268236        2
0.268254        1
0.268256        2
0.268276        1
0.268294        1
0.268363        2
0.268377        6
0.268381        2
0.268503        7
0.268523        4
0.268525        2
0.268543        2
0.268604        3
0.268626        1
0.268630        4
0.268646        1
0.268648        1
0.268650        3
0.268670        1
0.268671        1
0.268774        1
0.268794        1
0.268814        1
0.268857        1
0.268897        9
0.268899        1
0.268901        1
0.268917        1
0.268921        1
0.268937        1
0.268939        1
0.268940        1
0.269023        1
0.269041        3
0.269043        4
0.269045        1
0.269063        1
0.269150        1
0.269170        2
0.269190        1
0.269251        1
0.269276        1
0.269291        5
0.269310        5
0.269312        2
0.269403        3
0.269417        2
0.269435        1
0.269437        6
0.269441        1
0.269518        1
0.269543        4
0.269545        1
0.269563        1
0.269581        1
0.269583        2
0.269630        2
0.269635        1
0.269644        1
0.269688        1
0.269690        1
0.269811        4
0.269814        1
0.269830        3
0.269832        2
0.269834        1
0.269854        1
0.269937        4
0.269939        1
0.269957        2
0.269959        1
0.269977        3
0.270063        1
0.270080        1
0.270081        1
0.270100        4
0.270190        1
0.270204        8
0.270208        1
0.270224        2
0.270246        1
0.270267        1
0.270331        4
0.270350        2
0.270354        2
0.270370        1
0.270431        1
0.270457        2
0.270475        1
0.270477        3
0.270495        1
0.270497        1
0.270583        1
0.270583        1
0.270620        1
0.270623        2
0.270710        1
0.270724        4
0.270728        1
0.270744        7
0.270746        1
0.270750        1
0.270764        2
0.270832        1
0.270851        1
0.270852        1
0.270869        2
0.270870        2
0.270890        1
0.270977        2
0.270995        2
0.271013        1
0.271015        2
0.271017        1
0.271103        1
0.271118        2
0.271123        1
0.271140        2
0.271230        1
0.271244        4
0.271246        1
0.271248        1
0.271264        1
0.271284        1
0.271345        1
0.271371        2
0.271389        1
0.271391        1
0.271410        3
0.271515        3
0.271533        1
0.271638        7
0.271640        1
0.271658        2
0.271660        2
0.271678        1
0.271724        1
0.271764       10
0.271782        1
0.271784        2
0.271802        1
0.271804        1
0.271824        1
0.271909        4
0.271911        1
0.271927        1
0.271991        1
0.272031        8
0.272033        1
0.272037        1
0.272051        4
0.272053        2
0.272055        1
0.272093        1
0.272136        2
0.272158        1
0.272158        1
0.272178        2
0.272181        2
0.272259        4
0.272284        2
0.272302        1
0.272306        1
0.272324        1
0.272326        1
0.272411        3
0.272449        1
0.272537        1
0.272551        6
0.272557        1
0.272575        1
0.272678        4
0.272696        1
0.272698        3
0.272718        3
0.272737        2
0.272779        1
0.272824        2
0.272842        1
0.272945        7
0.272949        1
0.272951        1
0.272965        2
0.273071        9
0.273073        2
0.273090        1
0.273091        2
0.273111        1
0.273115        1
0.273172        4
0.273198        4
0.273216        1
0.273218        3
0.273238        2
0.273319        1
0.273324        1
0.273342        1
0.273344        3
0.273362        1
0.273364        1
0.273384        1
0.273465        3
0.273467        1
0.273471        1
0.273485        1
0.273487        1
0.273489        1
0.273591        3
0.273609        1
0.273610        3
0.273611        4
0.273613        2
0.273631        2
0.273635        1
0.273651        1
0.273718        1
0.273756        2
0.273758        1
0.273844        1
0.273859        6
0.273879        1
0.273880        2
0.273882        1
0.273985        3
0.273989        2
0.274003        3
0.274005        1
0.274086        2
0.274111        2
0.274130        1
0.274131        1
0.274169        1
0.274198        1
0.274256        3
0.274258        1
0.274274        2
0.274278        1
0.274296        1
0.274339        1
0.274379        1
0.274384        1
0.274505        3
0.274523        1
0.274543        1
0.274545        2
0.274565        2
0.274606        1
0.274631        1
0.274669        1
0.274671        1
0.274689        1
0.274704        1
0.274758        1
0.274772        6
0.274792        1
0.274794        2
0.274877        1
0.274899        4
0.274902        1
0.274917        1
0.274919        3
0.274922        3
0.275000        3
0.275025        3
0.275043        2
0.275045        2
0.275063        1
0.275085        1
0.275152        1
0.275170        1
0.275171        1
0.275188        1
0.275189        2
0.275292        4
0.275296        1
0.275312        1
0.275314        2
0.275419        2
0.275421        1
0.275437        3
0.275439        1
0.275440        1
0.275442        1
0.275458        2
0.275563        1
0.275567        1
0.275581        2
0.275672        1
0.275686        7
0.275690        1
0.275706        3
0.275731        1
0.275812        3
0.275832        2
0.275913        1
0.275939        2
0.275957        1
0.275959        1
0.275977        1
0.276061        1
0.276085        1
0.276101        2
0.276103        1
0.276105        1
0.276123        1
0.276184        1
0.276206        5
0.276210        1
0.276226        1
0.276231        1
0.276332        3
0.276350        2
0.276352        1
0.276370        1
0.276372        1
0.276459        3
0.276477        2
0.276479        1
0.276495        3
0.276500        1
0.276585        1
0.276600        6
0.276601        1
0.276603        1
0.276619        4
0.276621        1
0.276643        1
0.276702        1
0.276726        8
0.276730        1
0.276744        3
0.276748        2
0.276749        1
0.276827        2
0.276838        1
0.276852        1
0.276870        2
0.276872        2
0.276876        1
0.276892        1
0.276912        2
0.276997        1
0.276999        1
0.277120        7
0.277125        1
0.277141        1
0.277246        2
0.277347        1
0.277372        1
0.277390        1
0.277392        4
0.277513        4
0.277517        1
0.277535        1
0.277576        1
0.277640        3
0.277643        1
0.277658        3
0.277659        4
0.277661        1
0.277679        1
0.277740        6
0.277766        3
0.277770        1
0.277788        1
0.277808        1
0.277878        1
0.277892        1
0.277910        1
0.278019        1
0.278033        5
0.278053        2
0.278073        1
0.278181        1
0.278286        1
0.278306        1
0.278326        2
0.278344        1
0.278427        6
0.278430        1
0.278447        2
0.278470        1
0.278539        1
0.278553        3
0.278557        1
0.278571        3
0.278575        1
0.278593        1
0.278679        1
0.278680        2
0.278699        1
0.278701        1
0.278718        1
0.278719        1
0.278737        1
0.278780        2
0.278806        1
0.278824        1
0.278947        4
0.278967        2
0.278988        1
0.279075        1
0.279077        1
0.279091        1
0.279093        1
0.279095        1
0.279113        1
0.279200        1
0.279236        3
0.279239        2
0.279340        5
0.279344        2
0.279346        1
0.279360        2
0.279364        1
0.279452        1
0.279467        2
0.279490        1
0.279507        3
0.279508        1
0.279568        5
0.279593        2
0.279613        2
0.279633        1
0.279635        1
0.279651        1
0.279720        2
0.279738        2
0.279758        1
0.279776        1
0.279777        1
0.279846        2
0.279860        3
0.279864        2
0.279880        1
0.279884        1
0.279987        3
0.280005        1
0.280027        2
0.280028        1
0.280107        1
0.280131        2
0.280149        2
0.280153        1
0.280240        1
0.280254        8
0.280258        1
0.280259        1
0.280274        3
0.280276        1
0.280380        7
0.280384        1
0.280400        1
0.280404        1
0.280420        1
0.280481        2
0.280529        1
0.280545        1
0.280629        1
0.280649        1
0.280774        5
0.280814        1
0.280860        1
0.280900        2
0.280920        1
0.280922        1
0.280940        1
0.281027        1
0.281045        2
0.281049        1
0.281065        1
0.281146        1
0.281168        8
0.281188        1
0.281280        1
0.281294        5
0.281298        1
0.281314        3
0.281334        1
0.281336        2
0.281395        2
0.281420        1
0.281480        1
0.281521        1
0.281541        1
0.281565        3
0.281567        1
0.281569        1
0.281583        1
0.281587        1
0.281648        1
0.281688        6
0.281693        1
0.281708        2
0.281818        1
0.281834        2
0.281852        1
0.281940        1
0.281959        2
0.281960        1
0.281977        1
0.281980        2
0.282045        1
0.282059        1
0.282081        3
0.282103        1
0.282107        1
0.282208        2
0.282211        1
0.282213        1
0.282228        3
0.282247        1
0.282309        3
0.282374        1
0.282394        1
0.282460        2
0.282482        1
0.282498        2
0.282587        1
0.282601        6
0.282621        1
0.282623        1
0.282625        1
0.282641        1
0.282713        1
0.282728        4
0.282748        2
0.282751        1
0.282766        1
0.282839        1
0.282840        1
0.282854        1
0.282858        1
0.282870        1
0.282872        1
0.282874        3
0.282892        1
0.282894        1
0.282941        1
0.282980        1
0.282995        2
0.282999        2
0.283015        2
0.283020        1
0.283036        1
0.283081        4
0.283121        4
0.283139        2
0.283141        2
0.283143        1
0.283165        1
0.283248        1
0.283250        1
0.283268        2
0.283374        1
0.283392        1
0.283414        1
0.283502        1
0.283515        3
0.283520        2
0.283535        3
0.283641        4
0.283659        3
0.283663        1
0.283768        1
0.283788        1
0.283789        1
0.283804        2
0.283869        1
0.283908        2
0.283912        1
0.283914        1
0.283932        1
0.283952        1
0.284035        5
0.284037        1
0.284055        2
0.284136        4
0.284161        3
0.284179        1
0.284201        1
0.284288        1
0.284306        4
0.284324        2
0.284429        3
0.284434        1
0.284448        1
0.284472        2
0.284555        5
0.284573        2
0.284575        1
0.284577        1
0.284593        1
0.284595        2
0.284681        2
0.284699        2
0.284701        3
0.284703        1
0.284717        1
0.284721        2
0.284822        9
0.284842        1
0.284844        1
0.284949        5
0.284968        3
0.284988        1
0.284990        1
0.285049        1
0.285075        3
0.285091        1
0.285095        1
0.285113        1
0.285115        1
0.285176        1
0.285201        1
0.285219        2
0.285237        1
0.285328        1
0.285342        1
0.285362        1
0.285366        1
0.285382        1
0.285384        1
0.285469        5
0.285487        1
0.285488        1
0.285508        2
0.285595        1
0.285613        1
0.285631        1
0.285633        1
0.285696        1
0.285736        4
0.285739        1
0.285756        1
0.285757        1
0.285777        1
0.285862        4
0.285866        1
0.285880        2
0.285949        1
0.285963        3
0.285989        2
0.285992        1
0.286007        3
0.286008        1
0.286028        2
0.286135        1
0.286155        2
0.286256        3
0.286382        1
0.286386        1
0.286400        1
0.286422        1
0.286483        1
0.286509        5
0.286525        1
0.286528        1
0.286546        3
0.286548        2
0.286649        5
0.286653        1
0.286655        1
0.286669        3
0.286675        1
0.286776        3
0.286778        1
0.286794        1
0.286816        2
0.286817        1
0.286902        1
0.286920        1
0.286922        4
0.286942        1
0.287029        1
0.287032        1
0.287048        1
0.287065        1
0.287066        1
0.287169        3
0.287175        1
0.287191        1
0.287281        1
0.287292        1
0.287296        1
0.287314        1
0.287316        2
0.287317        1
0.287422        1
0.287460        1
0.287541        1
0.287549        1
0.287563        5
0.287583        4
0.287649        1
0.287689        3
0.287691        1
0.287707        2
0.287709        1
0.287729        1
0.287790        3
0.287798        1
0.287816        2
0.287834        1
0.287836        3
0.287917        1
0.287978        1
0.287980        1
0.288083        3
0.288103        1
0.288105        1
0.288107        1
0.288125        2
0.288169        1
0.288195        1
0.288227        1
0.288249        1
0.288253        1
0.288336        2
0.288356        1
0.288372        2
0.288374        2
0.288455        1
0.288462        1
0.288477        1
0.288482        1
0.288496        2
0.288498        1
0.288500        1
0.288607        1
0.288608        1
0.288623        2
0.288704        2
0.288729        3
0.288733        1
0.288747        1
0.288767        1
0.288789        1
0.288856        1
0.288892        1
0.288957        1
0.288982        1
0.288997        2
0.289002        1
0.289020        1
0.289123        4
0.289141        1
0.289143        1
0.289145        1
0.289163        1
0.289165        1
0.289249        1
0.289249        2
0.289267        1
0.289269        1
0.289289        2
0.289356        1
0.289376        1
0.289379        1
0.289390        5
0.289410        3
0.289412        1
0.289517        5
0.289538        1
0.289617        5
0.289661        1
0.289663        1
0.289744        1
0.289809        1
0.289888        1
0.289896        1
0.289910        1
0.289914        1
0.289930        1
0.289950        1
0.289954        1
0.290037        4
0.290055        1
0.290057        2
0.290060        1
0.290076        1
0.290163        2
0.290181        1
0.290183        1
0.290221        1
0.290304        6
0.290307        3
0.290324        2
0.290347        1
0.290430        5
0.290450        1
0.290470        1
0.290531        2
0.290557        1
0.290575        1
0.290577        2
0.290719        1
0.290784        1
0.290809        1
0.290824        3
0.290826        1
0.290844        1
0.290950        4
0.290968        1
0.290970        1
0.291057        1
0.291077        1
0.291095        2
0.291115        1
0.291217        6
0.291221        1
0.291239        1
0.291344        2
0.291362        2
0.291384        2
0.291387        1
0.291445        5
0.291470        1
0.291528        1
0.291597        2
0.291635        1
0.291636        1
0.291654        1
0.291737        1
0.291741        1
0.291757        2
0.291759        1
0.291763        1
0.291864        3
0.291882        1
0.291884        1
0.291924        1
0.291965        1
0.291990        1
0.292007        2
0.292008        1
0.292010        1
0.292030        1
0.292131        6
0.292137        3
0.292155        1
0.292257        1
0.292276        2
0.292277        2
0.292404        1
0.292422        1
0.292510        1
0.292528        1
0.292611        1
0.292651        1
0.292651        4
0.292671        2
0.292777        3
0.292796        1
0.292797        1
0.292878        1
0.292904        1
0.292924        1
0.292942        1
0.293045        4
0.293050        1
0.293052        1
0.293065        1
0.293066        1
0.293070        1
0.293189        1
0.293191        1
0.293211        1
0.293215        1
0.293272        2
0.293297        2
0.293316        1
0.293337        1
0.293359        2
0.293442        1
0.293464        1
0.293550        1
0.293565        3
0.293586        1
0.293604        1
0.293608        1
0.293691        2
0.293697        1
0.293711        1
0.293731        1
0.293753        1
0.293818        1
0.293836        2
0.293920        1
0.293944        1
0.293958        5
0.293960        1
0.293978        4
0.294070        1
0.294085        1
0.294103        1
0.294106        1
0.294186        2
0.294211        1
0.294251        1
0.294356        1
0.294375        1
0.294395        1
0.294464        1
0.294478        2
0.294500        2
0.294605        2
0.294623        3
0.294644        1
0.294691        1
0.294731        1
0.294733        1
0.294749        1
0.294767        2
0.294872        4
0.294876        1
0.294892        1
0.294894        2
0.294984        1
0.295016        2
0.295020        3
0.295038        1
0.295040        1
0.295099        3
0.295125        1
0.295143        1
0.295145        1
0.295165        1
0.295269        1
0.295287        1
0.295291        1
0.295352        1
0.295392        2
0.295396        1
0.295412        3
0.295432        2
0.295435        1
0.295496        1
0.295518        2
0.295536        3
0.295538        1
0.295645        1
0.295648        1
0.295663        1
0.295665        1
0.295685        1
0.295686        1
0.295771        2
0.295786        7
0.295787        1
0.295789        2
0.295847        1
0.295894        1
0.295912        3
0.295916        2
0.295930        1
0.295932        1
0.295954        1
0.296013        2
0.296044        1
0.296058        2
0.296076        1
0.296306        3
0.296345        1
0.296351        1
0.296432        1
0.296450        2
0.296452        1
0.296511        2
0.296533        1
0.296535        1
0.296558        2
0.296576        1
0.296594        1
0.296685        1
0.296699        9
0.296703        1
0.296719        1
0.296721        2
0.296723        1
0.296811        1
0.296826        4
0.296829        1
0.296844        2
0.296845        2
0.296851        1
0.296926        4
0.296952        1
0.296972        2
0.297096        1
0.297114        1
0.297116        1
0.297138        1
0.297201        1
0.297219        5
0.297221        2
0.297223        2
0.297239        1
0.297245        1
0.297324        1
0.297346        1
0.297351        1
0.297364        1
0.297365        1
0.297384        1
0.297472        1
0.297476        1
0.297512        1
0.297598        1
0.297613        7
0.297615        2
0.297676        1
0.297739        5
0.297757        1
0.297761        1
0.297840        4
0.297882        1
0.297885        1
0.297905        1
0.297925        1
0.297947        1
0.297992        1
0.298010        1
0.298012        1
0.298030        1
0.298133        4
0.298136        1
0.298153        2
0.298176        1
0.298178        1
0.298259        3
0.298277        1
0.298279        2
0.298297        1
0.298299        1
0.298371        1
0.298404        2
0.298405        2
0.298425        1
0.298443        1
0.298526        3
0.298548        2
0.298653        2
0.298658        1
0.298671        1
0.298673        1
0.298696        1
0.298754        2
0.298779        4
0.298785        1
0.298797        3
0.298799        1
0.298817        1
0.298837        1
0.298909        1
0.298925        1
0.298942        1
0.298945        1
0.298947        1
0.298963        1
0.299046        1
0.299070        1
0.299086        1
0.299088        1
0.299173        1
0.299193        1
0.299213        1
0.299252        1
0.299299        3
0.299319        1
0.299400        1
0.299440        4
0.299460        1
0.299462        2
0.299566        2
0.299570        1
0.299667        2
0.299693        2
0.299713        1
0.299823        1
0.299946        1
0.299960        1
0.299966        1
0.299984        1
0.300086        2
0.300105        1
0.300126        1
0.300213        1
0.300229        1
0.300231        1
0.300233        1
0.300235        1
0.300354        3
0.300359        1
0.300374        4
0.300375        1
0.300465        1
0.300466        1
0.300480        1
0.300484        1
0.300523        1
0.300581        1
0.300606        2
0.300612        1
0.300623        1
0.300625        2
0.300626        1
0.300751        1
0.300753        2
0.300874        2
0.300877        1
0.301000        4
0.301006        1
0.301020        1
0.301101        1
0.301126        3
0.301145        1
0.301227        1
0.301253        1
0.301267        6
0.301273        1
0.301287        1
0.301289        1
0.301293        1
0.301309        1
0.301394        3
0.301412        3
0.301437        2
0.301495        1
0.301520        2
0.301524        1
0.301526        1
0.301646        1
0.301665        1
0.301684        1
0.301773        1
0.301787        3
0.301791        1
0.301793        1
0.301809        1
0.301914        1
0.301932        3
0.301935        1
0.302004        1
0.302040        2
0.302076        1
0.302120        1
0.302181        3
0.302201        3
0.302204        1
0.302224        1
0.302289        1
0.302307        6
0.302313        1
0.302347        1
0.302434        1
0.302473        1
0.302600        1
0.302616        1
0.302629        1
0.302683        1
0.302701        5
0.302721        1
0.302726        1
0.302741        1
0.302742        1
0.302845        3
0.302847        1
0.302928        1
0.302972        1
0.302975        1
0.302995        1
0.303095        7
0.303118        1
0.303140        1
0.303207        1
0.303221        2
0.303241        1
0.303246        1
0.303325        1
0.303347        3
0.303349        1
0.303367        1
0.303387        1
0.303407        1
0.303477        1
0.303494        1
0.303510        3
0.303532        2
0.303634        2
0.303638        1
0.303759        2
0.303761        3
0.303867        1
0.303925        1
0.304008        3
0.304012        2
0.304135        4
0.304153        1
0.304176        1
0.304178        1
0.304235        1
0.304239        1
0.304261        1
0.304261        1
0.304265        1
0.304277        1
0.304279        2
0.304405        4
0.304407        1
0.304409        1
0.304423        1
0.304514        1
0.304528        2
0.304530        1
0.304532        1
0.304548        1
0.304655        2
0.304673        1
0.304692        1
0.304821        2
0.304882        1
0.304907        2
0.304922       10
0.304945        1
0.304985        1
0.305048        2
0.305068        1
0.305074        1
0.305088        1
0.305092        1
0.305135        1
0.305149        1
0.305175        2
0.305191        1
0.305194        1
0.305196        1
0.305427        2
0.305442        4
0.305445        1
0.305462        2
0.305463        1
0.305487        1
0.305568        1
0.305695        3
0.305713        1
0.305714        1
0.305733        1
0.305821        1
0.305835        5
0.305839        1
0.305855        1
0.305859        1
0.305879        1
0.305899        1
0.305940        1
0.305962        2
0.305983        1
0.306002        1
0.306063        4
0.306074        1
0.306088        2
0.306106        2
0.306189        1
0.306233        1
0.306355        4
0.306359        1
0.306375        1
0.306381        1
0.306395        2
0.306460        1
0.306467        1
0.306482        2
0.306485        1
0.306502        2
0.306608        1
0.306624        1
0.306626        2
0.306644        1
0.306646        1
0.306749        3
0.306753        1
0.306769        2
0.306771        1
0.306774        1
0.306875        1
0.306893        1
0.306895        1
0.306897        1
0.306976        5
0.306987        1
0.307002        2
0.307004        1
0.307020        1
0.307024        2
0.307042        1
0.307146        1
0.307166        1
0.307168        2
0.307269        1
0.307273        1
0.307309        1
0.307395        1
0.307399        1
0.307415        1
0.307437        1
0.307500        1
0.307558        1
0.307663        5
0.307789        2
0.307791        1
0.307807        2
0.307809        1
0.307890        1
0.307915        4
0.307935        3
0.307953        1
0.308042        2
0.308078        1
0.308183        4
0.308203        1
0.308204        2
0.308309        4
0.308327        1
0.308329        1
0.308351        1
0.308554        1
0.308576        4
0.308596        2
0.308602        1
0.308703        3
0.308723        1
0.308803        3
0.308829        2
0.308847        1
0.308992        1
0.308995        1
0.309013        1
0.309082        1
0.309096        2
0.309228        1
0.309241        1
0.309262        1
0.309295        1
0.309323        2
0.309349        1
0.309367        1
0.309387        1
0.309389        1
0.309490        2
0.309531        1
0.309616        2
0.309634        2
0.309717        1
0.309743        1
0.309761        1
0.309889        1
0.309907        1
0.310010        4
0.310030        2
0.310050        1
0.310091        1
0.310136        2
0.310176        2
0.310263        1
0.310281        1
0.310283        1
0.310299        2
0.310349        1
0.310393        1
0.310407        1
0.310423        1
0.310530        1
0.310534        1
0.310548        1
0.310555        1
0.310570        1
0.310631        4
0.310656        1
0.310674        1
0.310676        1
0.310694        1
0.310819        1
0.310822        1
0.310862        1
0.310923        3
0.310929        2
0.310943        1
0.310947        1
0.311050        1
0.311068        1
0.311070        1
0.311072        1
0.311176        2
0.311182        1
0.311317        2
0.311321        1
0.311361        1
0.311443        1
0.311445        2
0.311465        1
0.311469        1
0.311544        1
0.311570        1
0.311588        2
0.311592        1
0.311671        1
0.311696        1
0.311713        1
0.311716        1
0.311732        1
0.311823        1
0.311837        4
0.311861        1
0.311881        1
0.311949        1
0.311964        3
0.311982        1
0.312003        1
0.312005        1
0.312064        1
0.312090        1
0.312110        1
0.312151        1
0.312216        1
0.312274        1
0.312357        2
0.312375        1
0.312397        2
0.312458        1
0.312612        1
0.312626        1
0.312628        1
0.312670        1
0.312753        1
0.312756        1
0.312863        1
0.312877        1
0.312895        1
0.312897        1
0.313004        2
0.313020        1
0.313130        1
0.313144        4
0.313146        1
0.313164        1
0.313276        1
0.313289        1
0.313372        2
0.313437        1
0.313524        1
0.313543        1
0.313547        1
0.313560        1
0.313664        5
0.313668        1
0.313684        1
0.313708        1
0.313791        1
0.313809        1
0.313955        1
0.313975        1
0.314018        1
0.314058        5
0.314080        1
0.314099        1
0.314101        1
0.314162        1
0.314184        3
0.314204        1
0.314285        4
0.314459        1
0.314578        3
0.314601        1
0.314641        1
0.314704        2
0.314726        1
0.314744        1
0.314851        2
0.314957        2
0.314972        3
0.314991        1
0.315098        1
0.315100        1
0.315103        1
0.315118        1
0.315120        1
0.315199        1
0.315242        1
0.315369        2
0.315389        1
0.315492        6
0.315495        1
0.315497        1
0.315511        3
0.315531        1
0.315618        1
0.315640        1
0.315744        1
0.315746        1
0.315764        1
0.315885        7
0.315887        1
0.315889        2
0.315905        1
0.316012        2
0.316030        2
0.316112        1
0.316138        1
0.316160        1
0.316163        1
0.316250        1
0.316281        1
0.316405        3
0.316409        1
0.316411        1
0.316425        1
0.316427        1
0.316468        1
0.316535        1
0.316551        1
0.316644        1
0.316676        1
0.316678        1
0.316759        1
0.316799        2
0.316819        2
0.316822        1
0.316864        1
0.316911        1
0.316925        2
0.316945        1
0.316947        1
0.317026        5
0.317037        1
0.317052        3
0.317055        1
0.317071        2
0.317090        1
0.317164        1
0.317178        1
0.317304        1
0.317319        4
0.317322        1
0.317339        1
0.317423        1
0.317445        2
0.317485        1
0.317572        1
0.317611        1
0.317698        2
0.317712        1
0.317799        1
0.317839        1
0.317842        1
0.317844        1
0.317857        1
0.317879        2
0.317943        1
0.317965        1
0.317969        2
0.317983        1
0.318047        1
0.318092        1
0.318218        2
0.318232        2
0.318252        2
0.318344        1
0.318377        1
0.318379        1
0.318399        1
0.318501        1
0.318612        1
0.318626        1
0.318630        1
0.318632        1
0.318646        3
0.318650        1
0.318669        2
0.318752        4
0.318771        2
0.318879        1
0.318899        1
0.318917        1
0.318919        1
0.318940        1
0.319005        1
0.319021        1
0.319025        1
0.319146        1
0.319166        1
0.319213        1
0.319272        1
0.319291        1
0.319312        1
0.319403        1
0.319417        1
0.319435        1
0.319437        1
0.319525        1
0.319540        7
0.319565        1
0.319666        3
0.319670        1
0.319672        1
0.319688        1
0.319691        1
0.319767        1
0.319796        1
0.319812        1
0.319814        1
0.319816        1
0.319919        1
0.319937        1
0.319955        1
0.319959        1
0.319977        1
0.320060        1
0.320065        1
0.320186        3
0.320188        1
0.320204        1
0.320206        1
0.320332        1
0.320349        2
0.320439        2
0.320453        2
0.320457        1
0.320473        1
0.320580        3
0.320582        1
0.320583        1
0.320585        1
0.320600        2
0.320621        1
0.320681        3
0.320706        2
0.320724        2
0.320726        1
0.320869        1
0.320973        3
0.321013        1
0.321100        1
0.321120        1
0.321121        1
0.321138        1
0.321226        1
0.321367        1
0.321367        2
0.321369        1
0.321371        1
0.321387        1
0.321390        1
0.321493        2
0.321513        1
0.321594        2
0.321640        1
0.321659        1
0.321678        1
0.321746        1
0.321887        1
0.321892        1
0.322013        4
0.322019        1
0.322085        1
0.322140        3
0.322262        1
0.322281        6
0.322300        4
0.322324        1
0.322407        5
0.322427        2
0.322452        1
0.322508        1
0.322577        1
0.322801        2
0.322913        1
0.322927        1
0.322952        1
0.322967        1
0.323075        1
0.323089        1
0.323093        1
0.323180        1
0.323194        4
0.323214        1
0.323218        1
0.323292        1
0.323321        2
0.323324        1
0.323421        2
0.323447        2
0.323469        1
0.323591        1
0.323593        1
0.323714        5
0.323736        1
0.323826        1
0.323841        1
0.323879        1
0.323884        1
0.323967        1
0.323987        1
0.324108        2
0.324129        1
0.324151        1
0.324234        1
0.324252        1
0.324254        1
0.324258        1
0.324335        3
0.324361        2
0.324523        1
0.324588        1
0.324754        1
0.324760        1
0.324772        1
0.324792        1
0.324794        1
0.324866        1
0.325007        1
0.325021        2
0.325025        1
0.325041        2
0.325151        1
0.325274        1
0.325290        1
0.325292        1
0.325314        1
0.325440        1
0.325527        1
0.325541        1
0.325563        1
0.325585        1
0.325644        1
0.325653        1
0.325668        1
0.325708        1
0.325794        1
0.325830        1
0.325834        2
0.326061        1
0.326101        1
0.326162        2
0.326188        1
0.326206        1
0.326289        1
0.326441        1
0.326455        3
0.326475        1
0.326581        3
0.326601        1
0.326728        1
0.326767        1
0.326849        2
0.326869        1
0.326975        1
0.326993        1
0.326995        1
0.326997        1
0.327000        1
0.327101        3
0.327119        1
0.327141        1
0.327145        1
0.327206        1
0.327228        1
0.327244        1
0.327347        1
0.327354        1
0.327369        3
0.327372        2
0.327389        1
0.327499        1
0.327748        1
0.327762        2
0.327784        1
0.327867        1
0.327889        3
0.327928        1
0.327990        1
0.328021        1
0.328031        1
0.328145        1
0.328160        2
0.328354        1
0.328434        1
0.328448        1
0.328557        1
0.328676        5
0.328701        1
0.328802        2
0.328806        1
0.328844        1
0.328903        2
0.328947        1
0.329041        1
0.329057        1
0.329181        1
0.329196        1
0.329237        1
0.329322        1
0.329362        1
0.329449        1
0.329451        1
0.329469        1
0.329575        1
0.329589        3
0.329591        1
0.329593        2
0.329611        1
0.329716        3
0.329734        1
0.329736        3
0.329846        1
0.329860        1
0.329868        1
0.329882        2
0.329922        1
0.330027        1
0.330109        1
0.330129        1
0.330131        2
0.330236        1
0.330348        1
0.330362        1
0.330422        1
0.330503        1
0.330525        1
0.330630        4
0.330648        1
0.330649        1
0.330730        2
0.330761        1
0.330776        2
0.330882        1
0.331023        2
0.331043        1
0.331045        1
0.331150        1
0.331169        1
0.331175        1
0.331250        1
0.331276        1
0.331336        1
0.331402        1
0.331417        2
0.331420        1
0.331543        2
0.331547        1
0.331565        1
0.331568        1
0.331644        2
0.331669        1
0.331670        1
0.331686        1
0.331691        1
0.331854        1
0.331937        2
0.331940        1
0.331957        1
0.331977        1
0.331980        1
0.332049        1
0.332063        2
0.332190        2
0.332226        1
0.332330        3
0.332420        1
0.332558        3
0.332583        1
0.332628        1
0.332767        1
0.332836        2
0.332850        1
0.332854        1
0.332872        1
0.333103        1
0.333123        1
0.333143        1
0.333244        3
0.333370        1
0.333471        4
0.333497        4
0.333641        1
0.333643        1
0.333703        1
0.333750        1
0.333764        2
0.333771        1
0.333788        1
0.333890        1
0.333930        1
0.333991        2
0.334038        1
0.334158        3
0.334177        1
0.334183        1
0.334203        1
0.334223        1
0.334284        1
0.334286        1
0.334304        1
0.334306        1
0.334385        1
0.334410        1
0.334450        1
0.334490        1
0.334537        1
0.334555        1
0.334678        2
0.334697        2
0.334717        1
0.334804        2
0.334826        1
0.334988        1
0.335071        3
0.335091        2
0.335093        1
0.335201        1
0.335239        1
0.335324        1
0.335342        2
0.335487        1
0.335490        1
0.335550        1
0.335577        1
0.335591        3
0.335595        1
0.335597        1
0.335611        1
0.335613        1
0.335779        1
0.335844        1
0.335985        1
0.336005        1
0.336131        1
0.336212        2
0.336238        1
0.336243        1
0.336297        1
0.336338        1
0.336420        1
0.336505        2
0.336545        1
0.336649        1
0.336711        1
0.336758        1
0.336898        2
0.336924        1
0.337025        2
0.337126        3
0.337169        1
0.337191        1
0.337211        1
0.337278        1
0.337335        1
0.337418        2
0.337440        1
0.337502        1
0.337523        1
0.337565        1
0.337646        1
0.337693        1
0.337812        1
0.337832        1
0.337834        1
0.337836        1
0.337899        1
0.337938        1
0.337942        1
0.337958        1
0.338039        2
0.338208        1
0.338231        1
0.338314        1
0.338332        2
0.338338        1
0.338352        2
0.338372        1
0.338444        2
0.338458        1
0.338496        1
0.338559        1
0.338563        1
0.338726        4
0.338747        1
0.338771        1
0.338852        1
0.338957        1
0.338978        1
0.338982        1
0.338997        1
0.338998        1
0.339145        2
0.339246        3
0.339372        2
0.339390        1
0.339392        1
0.339394        1
0.339498        2
0.339524        1
0.339617        1
0.339621        1
0.339639        2
0.339645        1
0.339659        2
0.339751        1
0.339766        2
0.339784        1
0.339807        1
0.339867        2
0.339892        1
0.339912        1
0.339932        1
0.340015        1
0.340022        1
0.340038        1
0.340042        1
0.340159        1
0.340199        1
0.340271        1
0.340286        1
0.340286        3
0.340311        1
0.340412        1
0.340437        1
0.340448        1
0.340454        1
0.340539        1
0.340540        1
0.340553        1
0.340573        1
0.340679        2
0.340683        1
0.340697        2
0.340699        1
0.340723        1
0.340780        3
0.340824        1
0.340827        1
0.340932        1
0.340932        1
0.341073        1
0.341078        1
0.341095        1
0.341199        1
0.341217        1
0.341366        1
0.341452        1
0.341467        2
0.341490        1
0.341492        1
0.341593        3
0.341597        1
0.341613        1
0.341694        1
0.341759        1
0.341846        1
0.341865        1
0.342008        1
0.342099        1
0.342117        1
0.342131        1
0.342239        2
0.342279        1
0.342340        1
0.342366        1
0.342380        5
0.342422        1
0.342445        1
0.342607        2
0.342653        1
0.342671        1
0.342759        2
0.342777        1
0.342799        1
0.342900        1
0.343027        1
0.343050        1
0.343153        1
0.343173        2
0.343175        1
0.343211        1
0.343294        5
0.343299        1
0.343420        1
0.343426        1
0.343442        1
0.343521        2
0.343585        1
0.343693        1
0.343792        1
0.343814        1
0.343839        1
0.343958        1
0.343980        1
0.344067        2
0.344195        1
0.344207        4
0.344211        1
0.344227        1
0.344251        1
0.344334        2
0.344352        1
0.344354        2
0.344435        4
0.344460        1
0.344478        1
0.344727        3
0.344749        1
0.344854        1
0.344856        1
0.344876        1
0.344955        2
0.345040        1
0.345121        1
0.345126        1
0.345166        1
0.345247        2
0.345265        1
0.345271        1
0.345309        1
0.345348        3
0.345500        1
0.345619        1
0.345627        1
0.345645        1
0.345661        2
0.345663        1
0.345767        2
0.345785        1
0.345791        1
0.345811        1
0.345894        1
0.345932        1
0.345997        1
0.346020        2
0.346056        1
0.346060        1
0.346098        1
0.346147        1
0.346161        3
0.346201        1
0.346262        3
0.346306        1
0.346325        1
0.346430        1
0.346575        2
0.346576        1
0.346685        1
0.346827        1
0.346844        1
0.346865        1
0.346948        3
0.346968        2
0.346974        1
0.347075        1
0.347176        4
0.347201        3
0.347615        1
0.347654        1
0.347707        1
0.347779        1
0.347847        2
0.347849        1
0.347882        1
0.347974        1
0.347992        2
0.348006        1
0.348052        1
0.348089        1
0.348131        1
0.348136        1
0.348156        1
0.348174        1
0.348241        1
0.348245        1
0.348303        1
0.348367        1
0.348382        4
0.348510        1
0.348528        1
0.348530        1
0.348765        1
0.348776        2
0.348783        1
0.348902        4
0.348922        1
0.348942        1
0.349003        1
0.349028        1
0.349173        1
0.349175        1
0.349191        1
0.349277        1
0.349315        1
0.349422        1
0.349483        1
0.349548        1
0.349675        1
0.349678        1
0.349689        4
0.349711        1
0.349816        3
0.349837        1
0.349855        1
0.349859        1
0.349861        1
0.349916        2
0.349920        1
0.349931        1
0.349942        3
0.349947        1
0.350085        1
0.350086        1
0.350088        1
0.350106        1
0.350108        1
0.350195        1
0.350213        1
0.350336        3
0.350480        2
0.350482        1
0.350502        1
0.350517        1
0.350606        1
0.350623        1
0.350830        2
0.350856        1
0.350857        1
0.350875        1
0.351000        1
0.351123        2
0.351143        1
0.351245        1
0.351269        1
0.351376        1
0.351395        1
0.351516        1
0.351520        1
0.351536        1
0.351683        1
0.351744        2
0.351914        1
0.351932        1
0.352036        1
0.352078        1
0.352105        1
0.352168        1
0.352183        1
0.352203        1
0.352329        1
0.352430        2
0.352556        2
0.352578        1
0.352657        2
0.352827        1
0.352950        1
0.353080        1
0.353096        1
0.353225        1
0.353304        1
0.353344        2
0.353365        1
0.353474        1
0.353571        1
0.353596        1
0.353600        1
0.353614        1
0.353683        1
0.353697        1
0.353867        1
0.353883        1
0.354008        1
0.354012        1
0.354015        1
0.354030        1
0.354257        1
0.354281        1
0.354369        1
0.354384        1
0.354484        2
0.354510        1
0.354528        1
0.354548        1
0.354570        1
0.354591        1
0.354777        3
0.354781        1
0.354821        1
0.354891        1
0.354904        2
0.355156        1
0.355191        1
0.355297        2
0.355299        1
0.355303        1
0.355315        1
0.355550        1
0.355586        1
0.355691        1
0.355696        1
0.355713        1
0.355817        2
0.355823        1
0.355825        1
0.355835        1
0.356076        1
0.356084        1
0.356088        1
0.356092        1
0.356104        1
0.356211        2
0.356283        1
0.356337        2
0.356355        2
0.356604        2
0.356644        1
0.356731        3
0.356736        1
0.356751        1
0.356857        1
0.356875        1
0.356893        1
0.356976        1
0.357018        1
0.357124        1
0.357144        1
0.357146        1
0.357225        3
0.357251        2
0.357255        1
0.357271        1
0.357518        1
0.357670        1
0.357684        1
0.357807        1
0.357912        1
0.358038        1
0.358150        1
0.358165        1
0.358183        1
0.358248        1
0.358309        1
0.358452        1
0.358453        1
0.358475        1
0.358493        1
0.358558        1
0.358704        2
0.358829        1
0.358952        1
0.358973        1
0.359264        1
0.359345        2
0.359389        1
0.359472        1
0.359490        1
0.359618        1
0.359699        1
0.359725        2
0.359739        3
0.359761        1
0.359764        1
0.359887        1
0.359966        1
0.360136        1
0.360245        1
0.360259        1
0.360385        3
0.360405        1
0.360429        1
0.360653        1
0.360656        1
0.360696        1
0.360779        1
0.360783        1
0.360797        1
0.360799        1
0.360801        1
0.360819        1
0.360839        1
0.360880        2
0.360922        1
0.361070        1
0.361133        1
0.361158        1
0.361173        1
0.361317        1
0.361425        2
0.361552        2
0.361592        1
0.361593        1
0.361610        1
0.361678        1
0.361693        1
0.361698        1
0.361732        1
0.361793        2
0.361962        1
0.361981        1
0.362086        2
0.362090        1
0.362126        1
0.362238        1
0.362480        2
0.362502        1
0.362628        1
0.362707        1
0.362774        1
0.362899        1
0.363000        2
0.363020        3
0.363065        1
0.363126        1
0.363253        1
0.363271        1
0.363393        1
0.363413        1
0.363520        2
0.363523        1
0.363527        1
0.363542        1
0.363560        1
0.363621        2
0.363773        1
0.363791        1
0.363913        1
0.363915        1
0.364078        1
0.364188        1
0.364204        1
0.364226        1
0.364307        1
0.364327        1
0.364405        1
0.364412        1
0.364451        2
0.364495        1
0.364538        1
0.364560        1
0.364601        1
0.364661        1
0.364827        1
0.365058        1
0.365080        2
0.365120        2
0.365221        1
0.365347        1
0.365448        3
0.365473        1
0.365493        1
0.365513        1
0.365560        1
0.365726        1
0.365741        2
0.365744        1
0.365761        1
0.365766        1
0.365979        1
0.365993        1
0.365997        1
0.366120        1
0.366134        1
0.366261        2
0.366362        4
0.366517        1
0.366550        1
0.366640        2
0.366654        2
0.366781        1
0.366790        1
0.366925        1
0.367033        1
0.367068        1
0.367192        1
0.367275        2
0.367324        1
0.367566        1
0.367568        2
0.367572        1
0.367573        1
0.367611        1
0.367692        1
0.367694        1
0.367698        1
0.367962        4
0.367981        1
0.367983        1
0.368106        1
0.368231        1
0.368242        1
0.368254        1
0.368326        1
0.368449        1
0.368467        1
0.368482        4
0.368501        1
0.368543        1
0.368608        1
0.368626        1
0.368628        1
0.368630        1
0.368648        1
0.368796        1
0.368875        1
0.368879        1
0.369002        1
0.369020        2
0.369102        3
0.369168        1
0.369316        1
0.369395        1
0.369415        1
0.369439        1
0.369668        2
0.369789        2
0.369901        1
0.370016        1
0.370081        1
0.370099        1
0.370142        1
0.370206        1
0.370309        1
0.370435        2
0.370581        1
0.370688        1
0.370702        1
0.370706        1
0.370724        1
0.370847        1
0.370919        1
0.370930        1
0.370941        1
0.370955        1
0.370973        1
0.370993        1
0.371000        1
0.371083        1
0.371138        1
0.371208        1
0.371222        1
0.371246        1
0.371602        1
0.371760        1
0.371764        1
0.371808        1
0.371843        1
0.372053        1
0.372259        1
0.372363        1
0.372407        1
0.372429        1
0.372530        1
0.372573        1
0.372656        1
0.372658        1
0.372757        1
0.372972        1
0.373050        2
0.373095        1
0.373198        1
0.373342        1
0.373364        1
0.373429        1
0.373443        2
0.373451        1
0.373670        2
0.373696        1
0.373714        1
0.373839        1
0.373963        3
0.373983        1
0.373987        1
0.374075        1
0.374111        1
0.374133        1
0.374216        1
0.374357        1
0.374469        1
0.374483        2
0.374505        1
0.374584        1
0.374610        1
0.374631        1
0.374736        1
0.374877        2
0.374899        1
0.374904        1
0.374912        1
0.375005        1
0.375021        1
0.375043        1
0.375130        1
0.375270        2
0.375290        2
0.375437        1
0.375523        1
0.375613        1
0.375708        1
0.375790        1
0.375935        1
0.375939        1
0.376025        1
0.376047        1
0.376170        1
0.376204        1
0.376310        1
0.376329        3
0.376411        1
0.376475        1
0.376704        2
0.376724        1
0.376816        1
0.376831        1
0.376850        1
0.376852        1
0.376962        1
0.376979        1
0.377098        2
0.377101        1
0.377103        1
0.377145        1
0.377224        2
0.377249        1
0.377325        2
0.377356        1
0.377477        1
0.377495        1
0.377540        1
0.377618        1
0.377638        1
0.377748        1
0.377764        2
0.377871        1
0.377932        1
0.378011        2
0.378017        1
0.378116        1
0.378138        1
0.378140        1
0.378156        1
0.378181        1
0.378268        1
0.378280        1
0.378284        1
0.378392        1
0.378658        2
0.378683        1
0.378810        1
0.378911        2
0.378925        4
0.378952        1
0.379071        1
0.379075        1
0.379091        1
0.379113        1
0.379178        1
0.379203        1
0.379465        1
0.379470        1
0.379487        1
0.379517        1
0.379571        2
0.379799        1
0.379824        1
0.379839        2
0.379965        1
0.380091        1
0.380111        1
0.380117        1
0.380218        1
0.380359        1
0.380368        1
0.380398        1
0.380507        1
0.380651        1
0.381177        1
0.381294        1
0.381402        1
0.381440        1
0.381543        1
0.381651        2
0.381666        1
0.381686        1
0.381814        1
0.381893        1
0.381957        1
0.382023        1
0.382063        1
0.382186        2
0.382189        1
0.382283        1
0.382316        1
0.382439        1
0.382500        1
0.382518        1
0.382579        1
0.382706        2
0.382749        1
0.382792        1
0.382807        1
0.382854        1
0.382870        1
0.382890        1
0.382980        1
0.383091        1
0.383163        1
0.383246        1
0.383264        1
0.383269        1
0.383273        1
0.383327        1
0.383370        1
0.383471        1
0.383479        1
0.383493        1
0.383535        1
0.383619        2
0.383720        1
0.383764        1
0.384013        1
0.384075        1
0.384078        1
0.384139        1
0.384158        1
0.384284        1
0.384309        1
0.384427        1
0.384533        2
0.384573        1
0.384634        2
0.384659        2
0.384701        1
0.384786        1
0.384927        1
0.385013        1
0.385158        1
0.385277        1
0.385436        1
0.385472        1
0.385840        1
0.385860        1
0.385866        1
0.385987        1
0.386115        1
0.386220        1
0.386234        3
0.386236        1
0.386360        1
0.386487        1
0.386505        1
0.386740        1
0.386774        1
0.387009        1
0.387151        1
0.387155        1
0.387167        1
0.387375        1
0.387386        1
0.387501        1
0.387527        1
0.387545        1
0.387798        1
0.387799        1
0.387816        1
0.387895        1
0.387958        1
0.388039        1
0.388061        1
0.388063        1
0.388068        1
0.388081        1
0.388188        1
0.388207        1
0.388318        1
0.388500        1
0.388874        1
0.388980        1
0.388995        2
0.389121        1
0.389213        1
0.389246        1
0.389354        1
0.389538        1
0.389603        1
0.389693        1
0.389751        1
0.389888        1
0.389908        2
0.390159        2
0.390432        1
0.390535        2
0.390558        1
0.390661        1
0.390802        1
0.390888        1
0.390950        1
0.391029        2
0.391098        1
0.391434        1
0.391488        1
0.391575        1
0.391716        1
0.391723        1
0.391860        1
0.392196        1
0.392256        1
0.392257        1
0.392275        1
0.392427        1
0.392488        1
0.392507        1
0.392633        1
0.392655        1
0.392756        2
0.392774        1
0.392857        3
0.392900        1
0.392922        1
0.393045        1
0.393294        1
0.393402        2
0.393565        1
0.393659        1
0.393669        1
0.393673        1
0.393689        1
0.393713        1
0.393733        1
0.393770        1
0.393796        1
0.394063        1
0.394231        1
0.394337        1
0.394456        2
0.394583        1
0.394709        1
0.394749        1
0.394857        1
0.394996        1
0.395022        1
0.395107        1
0.395229        1
0.395330        1
0.395356        1
0.395370        3
0.395498        1
0.395515        1
0.395516        1
0.395597        2
0.395623        2
0.395727        1
0.395890        1
0.395915        2
0.395930        1
0.395988        1
0.396017        1
0.396056        1
0.396284        2
0.396287        1
0.396396        1
0.396412        1
0.396428        1
0.396602        1
0.396663        1
0.396809        1
0.396824        2
0.396930        1
0.396932        1
0.396948        1
0.397197        3
0.397223        1
0.397284        1
0.397342        1
0.397344        1
0.397425        3
0.397613        1
0.397737        1
0.397844        1
0.397887        1
0.398111        2
0.398113        1
0.398136        1
0.398237        1
0.398338        1
0.398443        1
0.398490        1
0.398506        1
0.398530        1
0.398757        1
0.399030        1
0.399137        1
0.399198        1
0.399252        1
0.399317        1
0.399545        1
0.399564        1
0.399671        2
0.399689        1
0.399814        1
0.399916        1
0.399965        2
0.400065        1
0.400231        1
0.400292        1
0.400317        2
0.400478        1
0.400563        1
0.400585        1
0.400606        1
0.400626        1
0.400668        1
0.400685        2
0.400711        1
0.400852        2
0.400855        1
0.400978        1
0.400984        1
0.401022        1
0.401079        1
0.401123        1
0.401144        1
0.401166        1
0.401231        1
0.401289        1
0.401363        1
0.401372        1
0.401417        1
0.401498        2
0.401516        1
0.401614        1
0.401643        1
0.401690        1
0.401725        1
0.401765        1
0.401814        1
0.401892        2
0.401993        1
0.402430        1
0.402475        1
0.402513        1
0.402538        1
0.402679        1
0.402805        1
0.402970        1
0.403058        1
0.403075        1
0.403080        1
0.403096        1
0.403365        1
0.403474        1
0.403593        1
0.403820        1
0.403990        1
0.404133        1
0.404239        1
0.404366        1
0.404387        1
0.404492        2
0.404506        1
0.404633        1
0.404642        1
0.404651        1
0.404734        1
0.404781        1
0.404799        1
0.405026        1
0.405153        1
0.405171        1
0.405173        1
0.405196        1
0.405279        1
0.405407        1
0.405503        1
0.405546        1
0.405568        1
0.405647        1
0.405660        1
0.405922        1
0.406110        1
0.406334        1
0.406337        1
0.406341        1
0.406460        1
0.406478        1
0.406586        1
0.406592        1
0.406857        1
0.407092        1
0.407106        1
0.407142        1
0.407251        1
0.407644        1
0.407662        1
0.407793        1
0.407937        1
0.408020        1
0.408056        1
0.408081        1
0.408146        1
0.408161        2
0.408287        1
0.408305        1
0.408370        1
0.408388        2
0.408394        1
0.408414        1
0.408439        1
0.408540        1
0.408580        1
0.408681        1
0.408807        1
0.409078        1
0.409201        3
0.409302        1
0.409349        1
0.409473        1
0.409495        1
0.409594        1
0.409706        1
0.409829        1
0.409833        1
0.410008        1
0.410508        2
0.410512        1
0.410551        1
0.410570        1
0.410922        1
0.411028        2
0.411032        1
0.411174        1
0.411566        1
0.411674        1
0.411718        1
0.411815        1
0.412357        1
0.412361        1
0.412447        1
0.412462        1
0.412480        2
0.412749        2
0.412855        1
0.412861        1
0.412875        1
0.413375        1
0.413522        1
0.413541        1
0.413543        1
0.413643        2
0.413853        1
0.414022        1
0.414163        1
0.414186        1
0.414192        1
0.414202        1
0.414231        1
0.414311        1
0.414401        1
0.414415        1
0.414556        1
0.414560        1
0.414576        1
0.414578        1
0.414701        1
0.414783        1
0.414809        2
0.415076        2
0.415242        2
0.415679        1
0.416030        1
0.416116        2
0.416156        1
0.416243        2
0.416248        1
0.416261        1
0.416383        2
0.416611        4
0.416678        1
0.417176        1
0.417192        1
0.417196        1
0.417198        1
0.417297        1
0.417322        1
0.417328        1
0.417423        1
0.417524        1
0.417590        1
0.417676        1
0.417721        1
0.417817        1
0.417860        1
0.418007        1
0.418070        1
0.418088        1
0.418171        1
0.418189        1
0.418252        1
0.418731        1
0.418751        1
0.418752        1
0.418900        1
0.418983        1
0.419144        1
0.419222        1
0.419251        1
0.419269        1
0.419301        1
0.419337        1
0.419351        3
0.419395        2
0.419615        1
0.419771        2
0.419774        1
0.419789        1
0.419810        1
0.419998        1
0.420038        1
0.420265        4
0.420558        1
0.420580        1
0.420601        1
0.420971        2
0.421204        1
0.421370        1
0.421471        1
0.421495        1
0.421724        1
0.421724        1
0.421865        1
0.421887        1
0.422031        1
0.422092        1
0.422392        1
0.422405        1
0.422674        1
0.422779        1
0.422925        2
0.422950        1
0.423075        1
0.423299        1
0.423308        1
0.423425        1
0.423445        1
0.423692        1
0.423712        1
0.423819        1
0.423920        3
0.423961        1
0.424090        1
0.424109        1
0.424216        1
0.424238        1
0.424485        1
0.424606        1
0.424626        2
0.424752        1
0.424772        1
0.424833        5
0.425003        1
0.425146        1
0.425224        1
0.425379        1
0.425520        1
0.425570        1
0.425747        2
0.426025        1
0.426164        1
0.426168        1
0.426206        1
0.426271        1
0.426309        1
0.426453        1
0.426560        1
0.426563        1
0.426578        1
0.426579        1
0.426660        1
0.426872        1
0.427127        1
0.427210        1
0.427347        2
0.427574        2
0.427782        1
0.428120        1
0.428280        1
0.428387        1
0.428488        3
0.428932        1
0.429008        1
0.429049        1
0.429151        1
0.429174        2
0.429300        1
0.429401        2
0.429575        1
0.429820        1
0.429846        1
0.430214        1
0.430315        1
0.430362        1
0.430441        1
0.430492        1
0.430608        1
0.430615        1
0.430752        1
0.431128        2
0.431148        1
0.431229        2
0.431276        1
0.431292        1
0.431749        1
0.431915        3
0.431920        1
0.432059        1
0.432139        1
0.432142        1
0.432294        2
0.432310        1
0.432455        1
0.432581        1
0.432688        1
0.432713        1
0.432726        1
0.432767        1
0.432814        1
0.432848        1
0.432874        1
0.433056        2
0.433098        1
0.433370        1
0.433498        1
0.433645        1
0.433685        1
0.433728        1
0.433762        1
0.433860        1
0.433872        1
0.433887        1
0.433890        1
0.434015        1
0.434096        1
0.434268        1
0.434464        1
0.434786        1
0.434800        1
0.434883        1
0.434912        1
0.434927        2
0.435073        1
0.435288        1
0.435425        1
0.435569        3
0.435822        1
0.435826        1
0.435949        1
0.436089        1
0.436109        1
0.436216        2
0.436754        1
0.436756        1
0.436774        1
0.436781        1
0.436878        1
0.437003        2
0.437294        1
0.437375        1
0.437397        2
0.437408        1
0.437422        1
0.437462        1
0.437523        1
0.437624        1
0.437657        1
0.437693        2
0.437998        1
0.438061        1
0.438063        2
0.438129        1
0.438354        1
0.438426        1
0.438440        1
0.438444        1
0.438520        1
0.438563        1
0.438729        1
0.438834        1
0.438872        1
0.438975        1
0.439126        1
0.439224        1
0.439350        1
0.439477        1
0.439516        1
0.439729        1
0.439769        1
0.439870        1
0.440137        1
0.440141        1
0.440161        1
0.440416        1
0.440677        1
0.440910        1
0.440930        1
0.441037        1
0.441278        2
0.441304        1
0.442111        1
0.442485        1
0.442505        1
0.442530        1
0.442738        1
0.442878        2
0.442924        1
0.443005        1
0.443025        1
0.443106        1
0.443117        1
0.443131        1
0.443135        1
0.443418        1
0.443525        1
0.443565        1
0.443772        1
0.443792        1
0.444019        1
0.444200        1
0.444290        1
0.444312        1
0.444460        1
0.444691        1
0.444706        1
0.444711        1
0.444933        1
0.444958        2
0.445002        1
0.445211        1
0.445245        1
0.445338        1
0.445464        1
0.445515        1
0.445590        1
0.445612        1
0.445639        1
0.445731        1
0.445846        1
0.446038        1
0.446139        2
0.446533        2
0.446540        1
0.446659        1
0.446679        1
0.446760        1
0.446786        1
0.446825        1
0.446912        1
0.447024        1
0.447179        1
0.447432        1
0.447446        1
0.447573        1
0.447699        1
0.447862        1
0.448205        1
0.448346        1
0.448822        1
0.448905        1
0.449400        1
0.449750        1
0.449794        2
0.450025        1
0.450165        1
0.450187        1
0.450207        1
0.450259        1
0.450440        1
0.450707        2
0.450960        1
0.451004        1
0.451101        1
0.451121        1
0.451466        1
0.451520        1
0.452034        1
0.452520        1
0.452661        1
0.452683        1
0.452928        2
0.453073        1
0.453242        1
0.453450        1
0.453594        1
0.453723        1
0.453842        1
0.453862        2
0.453968        1
0.454069        1
0.454589        1
0.454746        1
0.455120        1
0.455524        1
0.455896        1
0.455922        1
0.456092        1
0.456189        1
0.456416        1
0.456442        1
0.456460        1
0.456583        2
0.456588        1
0.456810        1
0.456819        1
0.456821        1
0.456962        1
0.457103        1
0.457123        1
0.457200        1
0.457247        1
0.457287        1
0.457496        1
0.458016        1
0.458244        1
0.458305        1
0.458430        1
0.458471        1
0.458544        1
0.458556        1
0.458637        1
0.458793        1
0.458807        1
0.458950        1
0.459186        1
0.459230        1
0.459450        1
0.459844        1
0.459990        1
0.460197        1
0.460237        1
0.460378        1
0.460743        1
0.460757        2
0.460777        1
0.461030        1
0.461151        1
0.461194        1
0.461295        1
0.461378        1
0.461404        2
0.461797        1
0.461924        1
0.462066        1
0.462084        1
0.462216        1
0.462292        1
0.462817        1
0.462978        2
0.462982        1
0.462998        1
0.463000        1
0.463289        1
0.463415        1
0.463458        1
0.463624        1
0.463642        1
0.463751        1
0.463911        1
0.464036        1
0.464256        1
0.464311        1
0.464330        1
0.464825        1
0.464932        1
0.465331        1
0.465495        1
0.465676        1
0.465972        1
0.466282        1
0.466365        2
0.466437        1
0.466632        1
0.466652        1
0.466759        1
0.466779        1
0.467039        1
0.467154        1
0.467299        1
0.467546        2
0.467773        2
0.467943        1
0.468066        1
0.468192        1
0.468319        1
0.468480        1
0.468687        2
0.469019        1
0.469375        1
0.469500        1
0.469753        1
0.469893        1
0.470041        1
0.470287        1
0.470312        1
0.470314        1
0.470514        2
0.470953        1
0.470979        1
0.471186        1
0.471327        2
0.471428        1
0.471455        1
0.471477        1
0.471847        1
0.471990        1
0.472517        1
0.472927        1
0.473255        1
0.473281        1
0.473299        1
0.473320        1
0.473736        1
0.473819        1
0.473961        1
0.474169        1
0.474194        2
0.474525        1
0.474527        1
0.474759        1
0.475082        1
0.475126        1
0.475543        1
0.475646        1
0.475996        1
0.476415        1
0.476682        1
0.476690        1
0.476818        1
0.477616        1
0.477766        1
0.477823        1
0.477975        1
0.478136        1
0.478510        1
0.478555        1
0.478737        1
0.478889        1
0.478909        1
0.479030        2
0.479095        1
0.479423        1
0.479427        1
0.479650        1
0.479662        1
0.479737        1
0.479867        1
0.479929        1
0.480485        1
0.480606        1
0.480842        1
0.480859        1
0.481250        1
0.481397        1
0.481503        1
0.481507        1
0.481915        1
0.481942        1
0.482059        1
0.482290        1
0.482330        1
0.482437        1
0.483659        1
0.483710        1
0.483991        1
0.484118        1
0.484138        1
0.485049        1
0.485051        1
0.485382        1
0.485465        1
0.485537        1
0.485717        1
0.485818        1
0.485851        1
0.485864        1
0.485932        1
0.485934        1
0.486046        1
0.486071        1
0.486234        1
0.486338        1
0.486487        1
0.486593        1
0.486858        1
0.486959        1
0.487129        1
0.487606        1
0.487651        1
0.487873        2
0.488278        1
0.488482        1
0.488686        1
0.488706        1
0.488751        1
0.488830        1
0.489493        1
0.489495        1
0.489603        2
0.489731        1
0.490139        1
0.490387        1
0.490558        1
0.491033        1
0.491300        1
0.491820        1
0.491947        1
0.491986        1
0.492878        1
0.493275        1
0.493402        1
0.493765        1
0.493774        1
0.493794        1
0.494019        1
0.494041        1
0.494167        1
0.495018        1
0.495251        1
0.495888        1
0.495971        1
0.496096        1
0.496291        1
0.496388        1
0.496786        1
0.496908        1
0.497009        1
0.497288        1
0.497840        1
0.498504        1
0.498629        1
0.498836        1
0.499028        1
0.499129        1
0.499375        1
0.499422        1
0.499523        2
0.499635        1
0.499747        1
0.499934        1
0.500106        1
0.500382        1
0.500664        1
0.501209        1
0.501350        1
0.501577        2
0.501910        1
0.501996        1
0.502014        1
0.502264        2
0.502325        1
0.502379        1
0.502488        1
0.502491        1
0.502505        1
0.503080        1
0.503197        2
0.503405        1
0.503869        1
0.504241        1
0.504243        1
0.504450        1
0.504472        1
0.504492        1
0.504741        1
0.504757        1
0.505149        2
0.505741        1
0.505925        1
0.506145        1
0.506478        1
0.506565        1
0.506709        1
0.506727        1
0.506832        2
0.506965        1
0.506976        1
0.506980        1
0.507059        2
0.507352        1
0.507357        1
0.507478        1
0.508311        1
0.508377        1
0.509199        1
0.509345        1
0.509417        1
0.509432        1
0.509592        1
0.509699        1
0.509800        1
0.510093        1
0.510114        1
0.510486        1
0.510713        1
0.510739        1
0.510761        1
0.510988        1
0.511669        1
0.511692        1
0.511839        1
0.512313        1
0.512333        1
0.512440        1
0.512693        1
0.512732        1
0.513086        1
0.513227        1
0.513274        1
0.513953        1
0.514560        1
0.515025        1
0.515226        1
0.515282        1
0.515578        1
0.515594        1
0.515988        1
0.516322        1
0.516452        1
0.516528        1
0.516661        1
0.516867        1
0.516901        1
0.516968        1
0.517026        1
0.517109        1
0.517134        1
0.517402        1
0.517795        1
0.517889        1
0.517922        1
0.518022        1
0.518182        1
0.518467        1
0.518936        1
0.518962        1
0.519214        1
0.519355        1
0.519420        1
0.519583        1
0.519767        1
0.519861        1
0.519893        1
0.520370        1
0.520605        1
0.520662        1
0.520728        1
0.520796        1
0.521076        1
0.521220        1
0.521312        1
0.521562        1
0.522323        1
0.522371        1
0.522475        1
0.522495        1
0.522557        1
0.522591        1
0.522616        1
0.522719        1
0.523277        1
0.523797        2
0.523914        1
0.524418        2
0.524570        1
0.524711        1
0.524730        1
0.524837        1
0.526144        1
0.526664        2
0.527058        1
0.527200        1
0.527202        1
0.527437        1
0.527578        1
0.527744        1
0.528365        1
0.528764        1
0.528903        2
0.529156        1
0.529197        1
0.529298        1
0.529551        1
0.529899        1
0.530214        1
0.530320        1
0.530586        1
0.530691        1
0.530839        1
0.531106        1
0.531126        1
0.531232        1
0.531250        1
0.531519        1
0.531752        1
0.531790        1
0.532399        1
0.532455        1
0.532704        1
0.533101        1
0.533347        1
0.533388        1
0.533473        1
0.533538        1
0.533944        1
0.534352        1
0.534677        1
0.534760        1
0.535019        1
0.535282        1
0.536981        1
0.537099        1
0.537208        1
0.537225        1
0.537234        1
0.537754        1
0.537895        1
0.538021        1
0.538122        1
0.538541        2
0.538704        1
0.538960        1
0.538978        1
0.539328        1
0.539820        1
0.539834        1
0.540556        1
0.540748        1
0.540762        1
0.540905        1
0.541300        1
0.541802        1
0.541847        1
0.541947        1
0.542196        1
0.542609        1
0.542707        1
0.543136        1
0.543252        1
0.543377        1
0.543398        1
0.543474        1
0.543629        1
0.543982        1
0.544185        1
0.544310        1
0.544517        1
0.545086        1
0.545348        1
0.545431        1
0.545684        1
0.545922        1
0.546973        1
0.547031        1
0.547551        1
0.548140        1
0.548172        1
0.548446        1
0.548465        1
0.549003        1
0.549079        1
0.549297        1
0.549523        1
0.549792        1
0.549920        1
0.550000       13
0.550196        1
0.550956        1
0.550958        1
0.551085        1
0.551621        1
0.552119        1
0.552269        1
0.552491        1
0.552498        1
0.553053        1
0.553721        1
0.553867        1
0.553946        1
0.554195        1
0.554340        1
0.554363        1
0.554611        1
0.554864        1
0.555245        1
0.555425        1
0.555649        1
0.556149        1
0.556167        1
0.556169        1
0.556522        2
0.557193        1
0.557350        1
0.557446        1
0.557753        1
0.558644        1
0.558832        1
0.559681        1
0.560094        1
0.560614        1
0.560714        3
0.560735        1
0.561669        1
0.562295        1
0.562313        1
0.562458        1
0.562689        1
0.562833        1
0.563043        1
0.563102        1
0.563498        1
0.563621        1
0.563975        2
0.564410        2
0.564662        1
0.565181        1
0.565226        1
0.565240        1
0.565323        1
0.565450        1
0.565823        1
0.566062        1
0.566304        1
0.567151        1
0.567236        1
0.567528        1
0.567900        1
0.568015        1
0.568044        1
0.568189        1
0.568401        1
0.568423        1
0.569070        1
0.569332        1
0.569344        1
0.569507        1
0.570146        1
0.571038        1
0.571429        1
0.571432        1
0.571973        1
0.572147        1
0.572239        1
0.572593        1
0.572992        1
0.573758        1
0.574046        1
0.574093        1
0.574328        1
0.574575        1
0.574689        1
0.574692        1
0.574851        1
0.575086        1
0.576087        1
0.576951        1
0.577180        1
0.577704        1
0.577706        1
0.577953        1
0.578094        1
0.578459        1
0.578473        1
0.578766        1
0.579039        1
0.579154        1
0.580160        1
0.580280        1
0.580835        1
0.580855        1
0.581250        1
0.581355        1
0.581444        1
0.581566        1
0.581754        1
0.581832        1
0.581983        1
0.582395        1
0.582458        1
0.582915        1
0.582931        1
0.583551        1
0.584096        1
0.585020        1
0.585674        1
0.586035        1
0.586176        1
0.586801        1
0.586837        1
0.586963        1
0.587489        1
0.587790        1
0.588279        1
0.588290        1
0.588413        1
0.588480        1
0.589319        1
0.589428        1
0.589619        1
0.590108        1
0.590994        1
0.591658        1
0.591842        1
0.592042        1
0.592208        1
0.592391        1
0.592860        1
0.593478        1
0.593752        1
0.594041        1
0.594312        1
0.594559        1
0.594565        1
0.595079        1
0.595175        1
0.595323        1
0.595328        1
0.595480        1
0.595648        1
0.595973        1
0.596351        1
0.596366        1
0.596886        1
0.597161        1
0.598179        1
0.598214        1
0.598447        2
0.599266        1
0.599845        1
0.601708        1
0.602410        1
0.602762        1
0.604037        1
0.604104        1
0.604203        1
0.605568        1
0.606023        1
0.606026        1
0.606416        1
0.606669        1
0.606828        1
0.607081        1
0.607088        1
0.607247        1
0.607531        1
0.607680        1
0.607729        1
0.607854        1
0.607872        1
0.608244        1
0.608764        1
0.608807        1
0.609325        1
0.609410        1
0.609804        1
0.610584        1
0.611129        1
0.612010        1
0.612958        1
0.613602        1
0.613729        1
0.613852        2
0.614641        1
0.614765        1
0.615159        1
0.615316        1
0.615697        1
0.616072        1
0.616092        1
0.616219        1
0.616616        1
0.616704        1
0.616986        1
0.617506        1
0.617649        1
0.618012        2
0.618172        1
0.618817        1
0.619626        1
0.619666        1
0.620641        1
0.621166        1
0.622612        1
0.622861        1
0.623620        1
0.625664        1
0.626018        1
0.626516        2
0.626642        1
0.627430        1
0.627795        1
0.628863        1
0.629257        1
0.629780        1
0.630302        1
0.631104        1
0.632018        1
0.632268        1
0.632505        1
0.632814        1
0.634738        1
0.634865        1
0.634887        1
0.635154        1
0.635385        1
0.635547        1
0.637169        1
0.638039        1
0.638144        1
0.639834        1
0.640220        1
0.640240        1
0.641134        1
0.641260        2
0.642981        1
0.643364        1
0.643664        1
0.644788        1
0.644808        1
0.645294        1
0.645328        1
0.646081        1
0.647224        1
0.647381        1
0.648049        1
0.648569        1
0.648753        1
0.649483        1
0.650402        1
0.651704        1
0.651725        1
0.652617        1
0.653309        1
0.653820        1
0.653972        1
0.654858        1
0.655548        1
0.655611        1
0.655878        1
0.656023        1
0.657185        1
0.659697        1
0.660168        1
0.660558        1
0.661900        1
0.662942        1
0.664119        1
0.665528        1
0.666058        1
0.667131        1
0.671287        1
0.672509        1
0.672748        1
0.673616        1
0.674680        1
0.675570        1
0.676371        1
0.679401        1
0.681366        1
0.682232        2
0.683287        1
0.683399        1
0.684074        1
0.685132        1
0.685559        1
0.685802        1
0.686571        1
0.686815        2
0.690581        1
0.693087        1
0.694410        1
0.696865        1
0.697385        1
0.697778        1
0.698983        1
0.700665        1
0.703261        4
0.704946        1
0.704968        1
0.705358        1
0.706522        2
0.709783        6
0.710714        1
0.711342        1
0.711879        1
0.713043        3
0.713975        2
0.714119        1
0.714225        1
0.714413        1
0.714462        1
0.715140        2
0.715663        1
0.716071        1
0.716304        3
0.719332        4
0.719565        2
0.720998        1
0.721429        1
0.721661        1
0.722826        2
0.723112        1
0.723758        1
0.724689        2
0.725772        1
0.726786        1
0.727019        1
0.727950        1
0.729594        1
0.730280        1
0.731211        1
0.731444        2
0.731589        1
0.732376        1
0.732609        1
0.732705        1
0.733307        1
0.734472        1
0.735870        2
0.737500        1
0.737733        1
0.738665        1
0.739435        2
0.739829        1
0.741925        1
0.743090        1
0.743340        1
0.744255        2
0.744488        1
0.746118        1
0.746351        1
0.746932        1
0.747283        1
0.747516        1
0.748447        1
0.750776        1
0.751475        1
0.751708        1
0.752640        1
0.753106        1
0.753571        1
0.754270        1
0.756366        1
0.761258        1
0.761949        1
0.763820        2
0.764752        1
0.765916        1
0.766149        1
0.766848        1
0.767744        1
0.768012        1
0.768245        1
0.771273        2
0.773602        1
0.774534        1
0.779658        1
0.781056        1
0.790373        1
0.791304        1
0.794512        1
0.795963        1
0.796126        1
0.796894        1
0.797360        1
0.797826        1
0.798758        1
0.818090        1
0.819255        1
0.821118        1
0.822050        1
0.822981        1
0.824146        1
0.828571        2
0.835093        1
0.835921        1
0.840045        1
0.843711        1
0.846040        1
0.850699        1
0.855590        1
0.896584        1
0.900223        1
0.912888        1
[2026-04-26 13:11:11] INFO: Features creadas: 11
[2026-04-26 13:11:11] INFO: Lista de features: ['student_attempt_count_prev', 'student_avg_incorrects_prev', 'student_avg_time_prev', 'student_accuracy_prev', 'student_trend_accuracy', 'step_len', 'step_num_ops', 'step_has_parentheses', 'step_num_digits', 'step_num_variables', 'step_abs_constant_sum']
[2026-04-26 13:11:11] INFO: Features y target separados. Shape X: (301048, 11), Shape y: (301048,)
[2026-04-26 13:11:11] INFO: === CORRELACIONES FEATURES-TARGET (TOP 10) ===
[2026-04-26 13:11:11] INFO: Correlaciones positivas:
student_avg_incorrects_prev    0.145418
student_avg_time_prev          0.129126
step_num_ops                   0.096212
step_num_variables             0.091218
student_attempt_count_prev     0.040612
step_len                       0.030453
step_has_parentheses           0.011601
step_abs_constant_sum          0.002138
step_num_digits               -0.035137
student_accuracy_prev         -0.197795
[2026-04-26 13:11:11] INFO: Correlaciones negativas:
student_avg_time_prev         0.129126
step_num_ops                  0.096212
step_num_variables            0.091218
student_attempt_count_prev    0.040612
step_len                      0.030453
step_has_parentheses          0.011601
step_abs_constant_sum         0.002138
step_num_digits              -0.035137
student_accuracy_prev        -0.197795
student_trend_accuracy       -0.259345
[2026-04-26 13:11:11] INFO: === ESTADÍSTICAS FEATURES ===
[2026-04-26 13:11:11] INFO: Estadísticas features:
       student_attempt_count_prev  student_avg_incorrects_prev  student_avg_time_prev  student_accuracy_prev  student_trend_accuracy       step_len   step_num_ops  step_has_parentheses  step_num_digits  step_num_variables  step_abs_constant_sum
count               301048.000000                301048.000000          301048.000000          301048.000000           301048.000000  301048.000000  301048.000000         301048.000000    301048.000000       301048.000000          301048.000000
mean                   649.252365                     0.329335              20.452303               0.776650                0.793439      14.244257       3.530028              0.197753         5.634201            1.851662             578.445300
std                    575.286639                     0.228870               8.411794               0.133008                0.238446       6.639241       1.810597              0.398305         4.387387            1.771237            1924.362887
min                      0.000000                     0.000000               0.000000               0.000000                0.000000       1.000000       0.000000              0.000000         0.000000            0.000000               0.000000
25%                    184.000000                     0.179104              14.739955               0.733190                0.600000      10.000000       2.000000              0.000000         3.000000            1.000000              12.000000
50%                    464.000000                     0.293961              19.790471               0.804878                0.800000      13.000000       3.000000              0.000000         5.000000            1.000000              29.000000
75%                    993.000000                     0.423870              24.504921               0.860465                1.000000      17.000000       5.000000              0.000000         8.000000            2.000000             138.000000
max                   2304.000000                     8.000000              51.678165               1.000000                1.000000      38.000000       7.000000              1.000000        23.000000            7.000000           13026.890000
[2026-04-26 13:11:11] INFO: Valores nulos en features: 0
[2026-04-26 13:11:12] INFO: Duplicados en dataset: 0
[2026-04-26 13:11:12] INFO: === INFORMACIÓN DE SPLIT ===
[2026-04-26 13:11:12] INFO: Split series detectada: True
[2026-04-26 13:11:12] INFO: Distribución split: source_split
train            299585
test               1413
user_gameplay        50
[2026-04-26 13:11:12] INFO: Time series detectada: True
[2026-04-26 13:11:12] INFO: Groups detectados: True
[2026-04-26 13:11:12] INFO: Número de grupos únicos: 517
[2026-04-26 13:11:12] INFO: === ESTRATEGIA DE SPLIT DE DATOS ===
[2026-04-26 13:11:12] INFO: Dataset total: 301048 filas
[2026-04-26 13:11:12] INFO: Test size configurado: 0.2
[2026-04-26 13:11:12] INFO: Intentando split fijo (train/test) basado en split_series...
[2026-04-26 13:11:12] INFO: Split fijo encontrado: Train=299585, Test=1413
[2026-04-26 13:11:12] INFO: Split fijo inválido (test sin variación) - fallback a aleatorio
[2026-04-26 13:11:12] INFO: Intentando split por grupos (estudiantes)...
[2026-04-26 13:11:12] INFO: Grupos detectados: 517 grupos únicos
[2026-04-26 13:11:13] INFO: Split por grupos: Train=230870 (8080 clases), Test=70178 (4433 clases)
[2026-04-26 13:11:13] INFO: Split por grupos válido - usando group_student_holdout_split
[2026-04-26 13:11:13] INFO: === EVALUACIÓN DEL TARGET ===
[2026-04-26 13:11:13] INFO: Tipo de target detectado: continuous
[2026-04-26 13:11:13] INFO: === DISCRETIZACIÓN DEL TARGET CONTINUO ===
[2026-04-26 13:11:13] INFO: Estrategia: discretización a 3 clases usando cuantiles del conjunto de train
[2026-04-26 13:11:13] INFO: Estadísticas target train: media=0.0518, std=0.0836, min=0.0000, max=0.9129
[2026-04-26 13:11:13] INFO: Cuartil 33% (Q1): 0.0064
[2026-04-26 13:11:13] INFO: Cuartil 66% (Q2): 0.0183
[2026-04-26 13:11:13] INFO: Bins de discretización: [-inf, 0.0063953385111810085, 0.018272395746231455, inf]
[2026-04-26 13:11:13] INFO: Labels de clase: [0, 1, 2] (0=bajo, 1=medio, 2=alto esfuerzo)
[2026-04-26 13:11:13] INFO: === DISTRIBUCIÓN POST-DISCRETIZACIÓN ===
[2026-04-26 13:11:13] INFO: Train - Clase 0: 86167, Clase 1: 66602, Clase 2: 78101
[2026-04-26 13:11:13] INFO: Test - Clase 0: 23520, Clase 1: 20411, Clase 2: 26247
[2026-04-26 13:11:13] INFO: === INICIO ENTRENAMIENTO DE MODELOS ===
[2026-04-26 13:11:13] INFO: Tipo de validación: group_student_holdout_split
[2026-04-26 13:11:13] INFO: Tamaño train: 230870 filas, 11 features
[2026-04-26 13:11:13] INFO: Tamaño test: 70178 filas, 11 features
[2026-04-26 13:11:13] INFO: Target discretizado: True
[2026-04-26 13:11:13] INFO: Umbrales de discretización: {'q1': 0.0063953385111810085, 'q2': 0.018272395746231455}
[2026-04-26 13:11:13] INFO: === CONFIGURACIÓN DE MODELOS ===
[2026-04-26 13:11:13] INFO: Modelos configurados:
[2026-04-26 13:11:13] INFO:   - random_forest: Pipeline(steps=[('model',
                 RandomForestClassifier(n_estimators=200, random_state=42))])
[2026-04-26 13:11:13] INFO:     n_estimators=200, random_state=42
[2026-04-26 13:11:13] INFO:   - logistic_regression: Pipeline(steps=[('scaler', StandardScaler()),
                ('model', LogisticRegression(max_iter=1000, random_state=42))])
[2026-04-26 13:11:13] INFO:     max_iter=1000, random_state=42, con StandardScaler
[2026-04-26 13:11:13] INFO:   - gradient_boosting: Pipeline(steps=[('model', GradientBoostingClassifier(random_state=42))])
[2026-04-26 13:11:13] INFO:     random_state=42
[2026-04-26 13:11:13] INFO: Modelos a evaluar: ['random_forest', 'logistic_regression', 'gradient_boosting']
[2026-04-26 13:11:13] INFO: === ENTRENANDO MODELO: random_forest ===
[2026-04-26 13:11:13] INFO: Hiperparámetros de random_forest:
[2026-04-26 13:11:13] INFO:   model__bootstrap: True
[2026-04-26 13:11:13] INFO:   model__ccp_alpha: 0.0
[2026-04-26 13:11:13] INFO:   model__class_weight: None
[2026-04-26 13:11:13] INFO:   model__criterion: gini
[2026-04-26 13:11:13] INFO:   model__max_depth: None
[2026-04-26 13:11:13] INFO:   model__max_features: sqrt
[2026-04-26 13:11:13] INFO:   model__max_leaf_nodes: None
[2026-04-26 13:11:13] INFO:   model__max_samples: None
[2026-04-26 13:11:13] INFO:   model__min_impurity_decrease: 0.0
[2026-04-26 13:11:13] INFO:   model__min_samples_leaf: 1
[2026-04-26 13:11:13] INFO:   model__min_samples_split: 2
[2026-04-26 13:11:13] INFO:   model__min_weight_fraction_leaf: 0.0
[2026-04-26 13:11:13] INFO:   model__monotonic_cst: None
[2026-04-26 13:11:13] INFO:   model__n_estimators: 200
[2026-04-26 13:11:13] INFO:   model__n_jobs: None
[2026-04-26 13:11:13] INFO:   model__oob_score: False
[2026-04-26 13:11:13] INFO:   model__random_state: 42
[2026-04-26 13:11:13] INFO:   model__verbose: 0
[2026-04-26 13:11:13] INFO:   model__warm_start: False
[2026-04-26 13:15:13] INFO: Tiempo de entrenamiento random_forest: 239.77 segundos
[2026-04-26 13:15:30] INFO: === MÉTRICAS DE random_forest ===
[2026-04-26 13:15:30] INFO:   F1-weighted: 0.5135
[2026-04-26 13:15:30] INFO:   Accuracy: 0.5208
[2026-04-26 13:15:30] INFO:   Precision: 0.5144
[2026-04-26 13:15:30] INFO:   Recall: 0.5208
[2026-04-26 13:15:30] INFO:   F1-macro: 0.5055
[2026-04-26 13:15:30] INFO:   AUC: 0.7024
[2026-04-26 13:15:30] INFO:   Tiempo entrenamiento: 239.77s
[2026-04-26 13:15:30] INFO:   Matriz de confusión:
[[14317  3699  5504]
 [ 6738  6729  6944]
 [ 6288  4456 15503]]
[2026-04-26 13:15:30] INFO: ¡NUEVO MEJOR MODELO: random_forest (F1=0.5135)!
[2026-04-26 13:15:30] INFO: === ENTRENANDO MODELO: logistic_regression ===
[2026-04-26 13:15:30] INFO: Hiperparámetros de logistic_regression:
[2026-04-26 13:15:30] INFO:   model__C: 1.0
[2026-04-26 13:15:30] INFO:   model__class_weight: None
[2026-04-26 13:15:30] INFO:   model__dual: False
[2026-04-26 13:15:30] INFO:   model__fit_intercept: True
[2026-04-26 13:15:30] INFO:   model__intercept_scaling: 1
[2026-04-26 13:15:30] INFO:   model__l1_ratio: None
[2026-04-26 13:15:30] INFO:   model__max_iter: 1000
[2026-04-26 13:15:30] INFO:   model__multi_class: deprecated
[2026-04-26 13:15:30] INFO:   model__n_jobs: None
[2026-04-26 13:15:30] INFO:   model__penalty: l2
[2026-04-26 13:15:30] INFO:   model__random_state: 42
[2026-04-26 13:15:30] INFO:   model__solver: lbfgs
[2026-04-26 13:15:30] INFO:   model__tol: 0.0001
[2026-04-26 13:15:30] INFO:   model__verbose: 0
[2026-04-26 13:15:30] INFO:   model__warm_start: False
[2026-04-26 13:15:31] INFO: Tiempo de entrenamiento logistic_regression: 1.36 segundos
[2026-04-26 13:15:32] INFO: === MÉTRICAS DE logistic_regression ===
[2026-04-26 13:15:32] INFO:   F1-weighted: 0.4542
[2026-04-26 13:15:32] INFO:   Accuracy: 0.4861
[2026-04-26 13:15:32] INFO:   Precision: 0.4796
[2026-04-26 13:15:32] INFO:   Recall: 0.4861
[2026-04-26 13:15:32] INFO:   F1-macro: 0.4402
[2026-04-26 13:15:32] INFO:   AUC: 0.6677
[2026-04-26 13:15:32] INFO:   Tiempo entrenamiento: 1.36s
[2026-04-26 13:15:32] INFO:   Matriz de confusión:
[[15906  1526  6088]
 [ 9735  3003  7673]
 [ 8766  2275 15206]]
[2026-04-26 13:15:32] INFO: === ENTRENANDO MODELO: gradient_boosting ===
[2026-04-26 13:15:32] INFO: Hiperparámetros de gradient_boosting:
[2026-04-26 13:15:32] INFO:   model__ccp_alpha: 0.0
[2026-04-26 13:15:32] INFO:   model__criterion: friedman_mse
[2026-04-26 13:15:32] INFO:   model__init: None
[2026-04-26 13:15:32] INFO:   model__learning_rate: 0.1
[2026-04-26 13:15:32] INFO:   model__loss: log_loss
[2026-04-26 13:15:32] INFO:   model__max_depth: 3
[2026-04-26 13:15:32] INFO:   model__max_features: None
[2026-04-26 13:15:32] INFO:   model__max_leaf_nodes: None
[2026-04-26 13:15:32] INFO:   model__min_impurity_decrease: 0.0
[2026-04-26 13:15:32] INFO:   model__min_samples_leaf: 1
[2026-04-26 13:15:32] INFO:   model__min_samples_split: 2
[2026-04-26 13:15:32] INFO:   model__min_weight_fraction_leaf: 0.0
[2026-04-26 13:15:32] INFO:   model__n_estimators: 100
[2026-04-26 13:15:32] INFO:   model__n_iter_no_change: None
[2026-04-26 13:15:32] INFO:   model__random_state: 42
[2026-04-26 13:15:32] INFO:   model__subsample: 1.0
[2026-04-26 13:15:32] INFO:   model__tol: 0.0001
[2026-04-26 13:15:32] INFO:   model__validation_fraction: 0.1
[2026-04-26 13:15:32] INFO:   model__verbose: 0
[2026-04-26 13:15:32] INFO:   model__warm_start: False
[2026-04-26 13:19:15] INFO: Tiempo de entrenamiento gradient_boosting: 222.95 segundos
[2026-04-26 13:19:16] INFO: === MÉTRICAS DE gradient_boosting ===
[2026-04-26 13:19:16] INFO:   F1-weighted: 0.4996
[2026-04-26 13:19:16] INFO:   Accuracy: 0.5139
[2026-04-26 13:19:16] INFO:   Precision: 0.5073
[2026-04-26 13:19:16] INFO:   Recall: 0.5139
[2026-04-26 13:19:16] INFO:   F1-macro: 0.4895
[2026-04-26 13:19:16] INFO:   AUC: 0.7027
[2026-04-26 13:19:16] INFO:   Tiempo entrenamiento: 222.95s
[2026-04-26 13:19:16] INFO:   Matriz de confusión:
[[15025  2928  5567]
 [ 7858  5357  7196]
 [ 7186  3376 15685]]
[2026-04-26 13:19:16] INFO: === RESUMEN ENTRENAMIENTO ===
[2026-04-26 13:19:16] INFO: Mejor modelo: random_forest (F1-weighted=0.5135)
[2026-04-26 13:19:16] INFO: Tiempos de entrenamiento:
[2026-04-26 13:19:16] INFO:   random_forest: 239.77s
[2026-04-26 13:19:16] INFO:   logistic_regression: 1.36s
[2026-04-26 13:19:16] INFO:   gradient_boosting: 222.95s
[2026-04-26 13:28:19] INFO: ========================================
[2026-04-26 13:28:19] INFO: INICIO -> Iniciando pipeline de entrenamiento...
[2026-04-26 13:28:19] INFO: === INICIO CARGA DE DATASET ===
[2026-04-26 13:28:19] INFO: Buscando datos en: C:\MIA402\undac-thesis-smart-math-tutor\data\external
[2026-04-26 13:28:19] INFO: Archivo local alternativo: C:\MIA402\undac-thesis-smart-math-tutor\data\dataset.csv
[2026-04-26 13:28:19] INFO: === USANDO DATASET LOCAL ===
[2026-04-26 13:28:19] INFO: Cargando: C:\MIA402\undac-thesis-smart-math-tutor\data\dataset.csv
[2026-04-26 13:28:21] INFO: Filas dataset local: 813711
[2026-04-26 13:28:21] INFO: Columnas dataset local: ['student_id', 'step_name', 'incorrects', 'hints', 'correct_first_attempt', 'step_duration_sec', 'source_split', 'timestamp']
[2026-04-26 13:28:21] INFO: Capping incorrects al percentil 99.9.
[2026-04-26 13:28:21] INFO: Capping hints al percentil 99.9.
[2026-04-26 13:28:22] INFO: Capping step_duration_sec al percentil 99.9.
[2026-04-26 13:28:22] INFO: Blacklist de step_name cargada: 154 nombres a filtrar.
[2026-04-26 13:28:22] INFO: Dataset tras aplicar reglas: 301048 filas.
[2026-04-26 13:28:22] INFO: === DATASET LOCAL FINAL ===
[2026-04-26 13:28:22] INFO: Filas finales: 301048
[2026-04-26 13:28:22] INFO: Ratio de retención: 0.370
[2026-04-26 13:28:22] INFO: Dataset crudo cargado: 301048 filas, 8 columnas.
[2026-04-26 13:28:22] INFO: Columnas del dataset crudo: ['student_id', 'step_name', 'incorrects', 'hints', 'correct_first_attempt', 'step_duration_sec', 'source_split', 'timestamp']
[2026-04-26 13:28:22] INFO: === ESTADÍSTICAS DATASET CRUDO ===
[2026-04-26 13:28:22] INFO: Valores nulos por columna:
student_id               0
step_name                0
incorrects               0
hints                    0
correct_first_attempt    0
step_duration_sec        0
source_split             0
timestamp                0
[2026-04-26 13:28:22] INFO: Tipos de datos:
student_id                object
step_name                 object
incorrects               float64
hints                    float64
correct_first_attempt      int64
step_duration_sec        float64
source_split              object
timestamp                 object
[2026-04-26 13:28:23] INFO: Estadísticas numéricas:
          incorrects          hints  correct_first_attempt  step_duration_sec
count  301048.000000  301048.000000          301048.000000      301048.000000
mean        0.335236       0.251810               0.795697          22.129530
std         1.008752       0.939903               0.403192          41.600954
min         0.000000       0.000000               0.000000           0.000000
25%         0.000000       0.000000               1.000000           6.000000
50%         0.000000       0.000000               1.000000          10.000000
75%         0.000000       0.000000               1.000000          22.000000
max        46.000000      28.000000               1.000000         602.000972
[2026-04-26 13:28:23] INFO: Construyendo features (include_target=True)...
[2026-04-26 13:28:23] INFO: Construyendo effort_score con pesos: inc=0.15, hints=0.15, time=0.35, fail_penalty=0.15.
[2026-04-26 13:28:23] INFO: Effort score construido. Estadísticas:
[2026-04-26 13:28:23] INFO: count    301048.000000
mean          0.053306
std           0.084762
min           0.000000
25%           0.005482
50%           0.010050
75%           0.045681
max           0.912888
dtype: float64
[2026-04-26 13:28:23] INFO: === CONSTRUYENDO FEATURES HISTÓRICAS POR ESTUDIANTE ===
[2026-04-26 13:28:23] INFO: Features que capturan comportamiento histórico del estudiante (sin leakage)
[2026-04-26 13:28:23] INFO: Feature student_attempt_count_prev: conteo acumulado de intentos previos por estudiante
[2026-04-26 13:28:23] INFO:   - Rango: 0 - 2900
[2026-04-26 13:28:23] INFO:   - Media: 651.16
[2026-04-26 13:28:23] INFO: Feature student_avg_incorrects_prev: promedio histórico de errores
[2026-04-26 13:28:23] INFO:   - Media: 0.3293, Std: 0.2289
[2026-04-26 13:28:23] INFO:   - Nulos: 0
[2026-04-26 13:28:23] INFO: Feature student_avg_time_prev: promedio histórico de tiempo
[2026-04-26 13:28:23] INFO:   - Media: 20.6664, Std: 9.9374
[2026-04-26 13:28:23] INFO:   - Nulos: 0
[2026-04-26 13:28:23] INFO: Feature student_accuracy_prev: promedio histórico de aciertos en primer intento
[2026-04-26 13:28:23] INFO:   - Media: 0.7767, Std: 0.1330
[2026-04-26 13:28:23] INFO:   - Nulos: 0
[2026-04-26 13:28:24] INFO: Feature student_trend_accuracy: tendencia de accuracy (rolling mean window=5)
[2026-04-26 13:28:24] INFO:   - Media: 0.7934, Std: 0.2384
[2026-04-26 13:28:24] INFO:   - Nulos: 0
[2026-04-26 13:28:24] INFO: === CONSTRUYENDO FEATURES ESTRUCTURALES DEL PASO ===
[2026-04-26 13:28:24] INFO: Features derivadas del texto del step_name (dificultad intrínseca del problema)
[2026-04-26 13:28:24] INFO: Feature step_len: longitud del texto del paso
[2026-04-26 13:28:24] INFO:   - Media: 14.3, Std: 7.0
[2026-04-26 13:28:24] INFO: Feature step_num_ops: número de operadores matemáticos
[2026-04-26 13:28:24] INFO:   - Media: 3.65, Std: 2.11
[2026-04-26 13:28:25] INFO: Feature step_has_parentheses: presencia de paréntesis (0/1)
[2026-04-26 13:28:25] INFO:   - Proporción: 0.198
[2026-04-26 13:28:25] INFO: Feature step_num_digits: cantidad de dígitos numéricos
[2026-04-26 13:28:25] INFO:   - Media: 5.71, Std: 4.77
[2026-04-26 13:28:26] INFO: Feature step_num_variables: cantidad de letras/variables
[2026-04-26 13:28:26] INFO:   - Media: 1.95, Std: 2.10
[2026-04-26 13:28:28] INFO: Feature step_abs_constant_sum: suma absoluta de constantes numéricas
[2026-04-26 13:28:28] INFO:   - Media: 646.29, Std: 2507.52
[2026-04-26 13:28:28] INFO: === RESUMEN FEATURES CREADAS ===
[2026-04-26 13:28:28] INFO: Total features creadas: 11
[2026-04-26 13:28:28] INFO: Features históricas estudiante: 5
[2026-04-26 13:28:28] INFO: Features estructurales paso: 6
[2026-04-26 13:28:28] INFO: Filas procesadas: 301048
[2026-04-26 13:28:28] INFO: === APLICANDO CAPPING DE OUTLIERS ===
[2026-04-26 13:28:28] INFO: Estrategia: winsorización al percentil especificado para evitar valores extremos
[2026-04-26 13:28:28] INFO: step_abs_constant_sum: capped al percentil 99% = 13026.9 (max original: 62477.0, valores capped: 3011)
[2026-04-26 13:28:28] INFO: step_len: capped al percentil 99% = 38.0 (max original: 78.0, valores capped: 3359)
[2026-04-26 13:28:28] INFO: student_attempt_count_prev: capped al percentil 99% = 2304.0 (max original: 2900.0, valores capped: 3015)
[2026-04-26 13:28:28] INFO: step_num_ops: capped al percentil 95% = 7.0 (max original: 19.0, valores capped: 31945)
[2026-04-26 13:28:28] INFO: student_avg_time_prev: capped al percentil 99% = 51.7 (max original: 407.5, valores capped: 3011)
[2026-04-26 13:28:28] INFO: step_num_digits: capped al percentil 99% = 23.0 (max original: 60.0, valores capped: 3225)
[2026-04-26 13:28:28] INFO: step_num_variables: capped al percentil 95% = 7.0 (max original: 24.0, valores capped: 18265)
[2026-04-26 13:28:28] INFO: === CAPPING COMPLETADO ===
[2026-04-26 13:28:29] INFO: Resumen global post-capping:
       student_attempt_count_prev  student_avg_incorrects_prev  student_avg_time_prev  student_accuracy_prev  student_trend_accuracy       step_len   step_num_ops  step_has_parentheses  step_num_digits  step_num_variables  step_abs_constant_sum
count               301048.000000                301048.000000          301048.000000          301048.000000           301048.000000  301048.000000  301048.000000         301048.000000    301048.000000       301048.000000          301048.000000
mean                   649.252365                     0.329335              20.452303               0.776650                0.793439      14.244257       3.530028              0.197753         5.634201            1.851662             578.445300
std                    575.286639                     0.228870               8.411794               0.133008                0.238446       6.639241       1.810597              0.398305         4.387387            1.771237            1924.362887
min                      0.000000                     0.000000               0.000000               0.000000                0.000000       1.000000       0.000000              0.000000         0.000000            0.000000               0.000000
25%                    184.000000                     0.179104              14.739955               0.733190                0.600000      10.000000       2.000000              0.000000         3.000000            1.000000              12.000000
50%                    464.000000                     0.293961              19.790471               0.804878                0.800000      13.000000       3.000000              0.000000         5.000000            1.000000              29.000000
75%                    993.000000                     0.423870              24.504921               0.860465                1.000000      17.000000       5.000000              0.000000         8.000000            2.000000             138.000000
max                   2304.000000                     8.000000              51.678165               1.000000                1.000000      38.000000       7.000000              1.000000        23.000000            7.000000           13026.890000
[2026-04-26 13:28:29] INFO: Feature engineering completado.
[2026-04-26 13:28:29] INFO: Resumen features post-capping: 11 creadas. Estadísticas globales:        student_attempt_count_prev  student_avg_incorrects_prev  student_avg_time_prev  student_accuracy_prev  student_trend_accuracy       step_len   step_num_ops  step_has_parentheses  step_num_digits  step_num_variables  step_abs_constant_sum
count               301048.000000                301048.000000          301048.000000          301048.000000           301048.000000  301048.000000  301048.000000         301048.000000    301048.000000       301048.000000          301048.000000
mean                   649.252365                     0.329335              20.452303               0.776650                0.793439      14.244257       3.530028              0.197753         5.634201            1.851662             578.445300
std                    575.286639                     0.228870               8.411794               0.133008                0.238446       6.639241       1.810597              0.398305         4.387387            1.771237            1924.362887
min                      0.000000                     0.000000               0.000000               0.000000                0.000000       1.000000       0.000000              0.000000         0.000000            0.000000               0.000000
25%                    184.000000                     0.179104              14.739955               0.733190                0.600000      10.000000       2.000000              0.000000         3.000000            1.000000              12.000000
50%                    464.000000                     0.293961              19.790471               0.804878                0.800000      13.000000       3.000000              0.000000         5.000000            1.000000              29.000000
75%                    993.000000                     0.423870              24.504921               0.860465                1.000000      17.000000       5.000000              0.000000         8.000000            2.000000             138.000000
max                   2304.000000                     8.000000              51.678165               1.000000                1.000000      38.000000       7.000000              1.000000        23.000000            7.000000           13026.890000
[2026-04-26 13:28:29] INFO: Feature engineering completado en 6.62 segundos.
[2026-04-26 13:28:29] INFO: Cambio en dataset: filas 301048 -> 301048, columnas 8 -> 21
[2026-04-26 13:28:29] INFO: === ESTADÍSTICAS TARGET (effort_score) ===
[2026-04-26 13:28:29] INFO: Estadísticas target:
count    301048.000000
mean          0.053306
std           0.084762
min           0.000000
25%           0.005482
50%           0.010050
75%           0.045681
max           0.912888
[2026-04-26 13:28:29] INFO: Distribución target (value_counts):
effort_score
0.000000      145
0.000183        2
0.000228        2
0.000304        6
0.000457       58
0.000609        3
0.000685        1
0.000914      944
0.001142        1
0.001218        1
0.001279        1
0.001370       30
0.001675        1
0.001827     5872
0.002056        2
0.002284       22
0.002741    14890
0.003045        1
0.003198       12
0.003261        1
0.003654    21381
0.004111        4
0.004568    24288
0.005025        5
0.005177        1
0.005301        1
0.005357        1
0.005482    22687
0.005939        2
0.006395    19322
0.006522        1
0.006852        2
0.006915        1
0.006959        1
0.007309    16151
0.007766        2
0.007829        1
0.008223    12984
0.008286        1
0.008527        1
0.008679        3
0.008743        2
0.008784        1
0.009136    10695
0.009199        1
0.009550        1
0.009656        6
0.009783        1
0.010050     8805
0.010354        1
0.010570        7
0.010714        3
0.010963     7149
0.011420        2
0.011483       21
0.011752        1
0.011877     6117
0.012334        1
0.012397       20
0.012791     5183
0.012917        1
0.013080        1
0.013311       27
0.013704     4427
0.013831        1
0.014059        1
0.014135        1
0.014161        1
0.014224       35
0.014493        1
0.014618     3736
0.014744        1
0.015075        1
0.015138       39
0.015407        2
0.015532     3438
0.016052       51
0.016071        2
0.016445     3044
0.016572        1
0.016965       52
0.017234        1
0.017359     2598
0.017485        1
0.017816        1
0.017879       57
0.018023        1
0.018272     2326
0.018792       75
0.018937        1
0.019061        2
0.019186     2160
0.019312        3
0.019332        1
0.019706       76
0.019850        1
0.019975        2
0.020100     1983
0.020226        7
0.020620       78
0.020683        1
0.020764        4
0.021013     1776
0.021140        5
0.021265        1
0.021533       80
0.021678        7
0.021802        4
0.021927     1652
0.022053       10
0.022447       88
0.022467        1
0.022591        7
0.022716        1
0.022840     1539
0.022865        1
0.022967        5
0.023361       85
0.023505        8
0.023630        2
0.023754     1335
0.023881       10
0.024274       74
0.024419        8
0.024543        1
0.024668     1281
0.024794        4
0.025188       92
0.025314        2
0.025332        4
0.025457        2
0.025581     1226
0.025708        1
0.025789        1
0.025977        1
0.026101       84
0.026228        2
0.026246        9
0.026495     1062
0.026621       10
0.026976        1
0.027015       98
0.027141        1
0.027159       13
0.027284        1
0.027409     1053
0.027453        1
0.027535        8
0.027804        1
0.027929       80
0.028055        2
0.028073        5
0.028322     1000
0.028449       11
0.028593        1
0.028842       98
0.028987       12
0.029111        1
0.029236      855
0.029362        5
0.029507        1
0.029631        1
0.029756      110
0.029776        1
0.029882        1
0.029900       12
0.030149      811
0.030276        7
0.030420        1
0.030669       85
0.030689        2
0.030814       13
0.030938        1
0.031063      735
0.031065        1
0.031126        1
0.031189       10
0.031334        2
0.031583       90
0.031603        2
0.031709        2
0.031728       12
0.031852        1
0.031977      719
0.031979        1
0.032103       11
0.032191        1
0.032372        1
0.032434        1
0.032497       82
0.032517        2
0.032623        3
0.032641       10
0.032766        2
0.032890      720
0.033017       13
0.033161        1
0.033410       93
0.033430        1
0.033555       10
0.033679        3
0.033804      634
0.033930        8
0.034075        2
0.034324       89
0.034344        3
0.034450        1
0.034468        8
0.034593        1
0.034718      657
0.034844       12
0.034988        1
0.035113        1
0.035238       63
0.035257        3
0.035364        3
0.035382        7
0.035507        2
0.035631      553
0.035633        1
0.035758       13
0.035902        2
0.036151       70
0.036171        5
0.036278        5
0.036296       10
0.036420        1
0.036545      554
0.036671       20
0.036816        3
0.037065       69
0.037085        5
0.037191        3
0.037209        6
0.037334        1
0.037336        1
0.037458      477
0.037585        8
0.037605        1
0.037729        5
0.037854        1
0.037978       65
0.037998        1
0.038105        3
0.038123       10
0.038247        3
0.038249        2
0.038372      454
0.038498        9
0.038643        2
0.038892       76
0.038912        5
0.039036        7
0.039161        1
0.039163        1
0.039286      454
0.039412       15
0.039557        3
0.039681        1
0.039806       63
0.039826        5
0.039932        1
0.039950       13
0.040077        1
0.040199      436
0.040326       15
0.040470        1
0.040615        2
0.040719       59
0.040739       10
0.040846        3
0.040864       10
0.040990        1
0.041113      368
0.041239       11
0.041259        1
0.041384        8
0.041508        1
0.041528        2
0.041633       50
0.041653       11
0.041759        4
0.041777       13
0.041902        1
0.041904        1
0.042027      330
0.042153       18
0.042297        1
0.042547       58
0.042566        6
0.042673        2
0.042691       10
0.042816        1
0.042881        1
0.042940      350
0.043067       13
0.043068        1
0.043086        1
0.043355        1
0.043460       66
0.043480        5
0.043587        5
0.043605        9
0.043713        1
0.043729        1
0.043731        1
0.043854      309
0.043875        1
0.043980       14
0.044125        4
0.044311        1
0.044374       55
0.044394        3
0.044500        2
0.044518       12
0.044667        1
0.044767      347
0.044894       16
0.045038        3
0.045287       46
0.045414        4
0.045432       13
0.045556        1
0.045558        2
0.045681      291
0.045807       15
0.045827        1
0.045934        1
0.045952        5
0.046076        1
0.046096        1
0.046201       38
0.046221        5
0.046327        4
0.046345        6
0.046470        1
0.046472        3
0.046595      318
0.046616        1
0.046721       18
0.046847        1
0.046865        6
0.046929        1
0.047115       57
0.047135        9
0.047241        2
0.047259       12
0.047385        2
0.047508      264
0.047510        1
0.047635       12
0.047779        4
0.047924        1
0.048028       46
0.048048        1
0.048155        3
0.048173       12
0.048297        2
0.048299        2
0.048422      273
0.048548       12
0.048675        1
0.048693        9
0.048942       47
0.048962        2
0.049068        1
0.049086       14
0.049211        1
0.049213        1
0.049335      209
0.049462       14
0.049606        6
0.049731        3
0.049751        1
0.049855       40
0.049875        2
0.049982        1
0.050000        8
0.050126        2
0.050249      257
0.050375       10
0.050502        1
0.050520        6
0.050646        1
0.050769       42
0.050771        1
0.050789        6
0.050895        6
0.050914       14
0.051022        1
0.051040        2
0.051163      239
0.051289       11
0.051434        4
0.051578        1
0.051683       59
0.051703        2
0.051809        5
0.051827        7
0.051952        2
0.051954        3
0.052076      199
0.052149        1
0.052203       15
0.052347        6
0.052492        1
0.052596       37
0.052616        5
0.052741        7
0.052865        1
0.052867        7
0.052990      204
0.053116       13
0.053243        2
0.053261        6
0.053387        1
0.053405        1
0.053510       35
0.053530        5
0.053636        4
0.053654        5
0.053781        3
0.053904      215
0.054030        6
0.054050        1
0.054174        1
0.054301        1
0.054424       31
0.054443        3
0.054550        8
0.054568        6
0.054694        4
0.054714        1
0.054817      183
0.054944       10
0.055088        4
0.055214        2
0.055233        1
0.055337       32
0.055357        5
0.055464        5
0.055482        8
0.055606        1
0.055608        3
0.055731      196
0.055857       12
0.055877        3
0.055897        1
0.055984        2
0.056002        1
0.056146        1
0.056251       41
0.056273        1
0.056377        8
0.056395        6
0.056520        1
0.056522        1
0.056644      194
0.056771       15
0.056791        1
0.056897        2
0.056915        4
0.057040        4
0.057042        1
0.057060        3
0.057164       33
0.057186        1
0.057291        1
0.057309        3
0.057311        1
0.057417        1
0.057433        2
0.057435        4
0.057558      147
0.057562        1
0.057684       12
0.057704        2
0.057811        4
0.057829        1
0.057849        1
0.057937        1
0.057955        1
0.057973        1
0.058078       30
0.058098        3
0.058204        9
0.058223        9
0.058224        1
0.058349        5
0.058472      177
0.058598       10
0.058743        4
0.058867        1
0.058869        1
0.058992       30
0.059012        1
0.059118        4
0.059136        5
0.059261        1
0.059385      148
0.059407        1
0.059512       13
0.059532        5
0.059638        1
0.059656        4
0.059783        1
0.059801        2
0.059905       38
0.059925        3
0.060032        2
0.060050        9
0.060052        1
0.060158        1
0.060174        1
0.060176        1
0.060299      145
0.060425       18
0.060552        2
0.060570        5
0.060590        1
0.060694        1
0.060714        2
0.060819       24
0.060839        1
0.060841        1
0.060945        3
0.060963        7
0.060965        2
0.061090        2
0.061110        1
0.061213      134
0.061216        1
0.061339        9
0.061483        5
0.061610        1
0.061628        1
0.061733       22
0.061754        1
0.061859        3
0.061877        4
0.061879        1
0.061985        1
0.062002        1
0.062003        3
0.062023        1
0.062126      133
0.062253       15
0.062272        1
0.062379        1
0.062397        8
0.062523        1
0.062646       18
0.062666        2
0.062773        1
0.062791        2
0.062792        2
0.062917        3
0.063040      120
0.063061        1
0.063166       10
0.063186        1
0.063206        1
0.063293        2
0.063311        6
0.063437        1
0.063560       22
0.063580        4
0.063686        5
0.063704        4
0.063706        1
0.063831        1
0.063851        1
0.063953      133
0.063957        1
0.064080       14
0.064101        1
0.064120        1
0.064206        2
0.064224        4
0.064351        1
0.064369        1
0.064473       17
0.064493        2
0.064495        1
0.064600        5
0.064618        6
0.064726        1
0.064744        2
0.064867      108
0.064889        2
0.064909        1
0.064993       11
0.065013        1
0.065120        2
0.065138        5
0.065264        1
0.065282        2
0.065387       27
0.065407        1
0.065513        7
0.065531        5
0.065640        1
0.065658        2
0.065781       99
0.065907        7
0.065947        1
0.066051        4
0.066196        2
0.066301       25
0.066321        2
0.066427        2
0.066445        2
0.066571        2
0.066591        1
0.066694      133
0.066821       15
0.066824        1
0.066947        2
0.066965        5
0.066985        1
0.067110        1
0.067214       15
0.067234        2
0.067236        1
0.067341        5
0.067359        6
0.067361        2
0.067485        1
0.067608       97
0.067630        1
0.067734       10
0.067754        1
0.067861        1
0.067879        8
0.068003        1
0.068005        3
0.068128       22
0.068148        3
0.068150        1
0.068272        2
0.068274        1
0.068399        2
0.068521      103
0.068648       10
0.068668        1
0.068774        3
0.068792        4
0.069041       20
0.069061        1
0.069168        6
0.069186        3
0.069294        1
0.069312        2
0.069332        1
0.069435       86
0.069562       12
0.069688        2
0.069706        4
0.069814        1
0.069831        1
0.069850        1
0.069955       15
0.069975        2
0.070082        4
0.070100        5
0.070101        1
0.070208        1
0.070226        3
0.070349       85
0.070351        1
0.070370        1
0.070475        7
0.070495        1
0.070620        2
0.070746        1
0.070869       17
0.070889        1
0.070995        3
0.071138        1
0.071140        1
0.071262      105
0.071284        1
0.071389        8
0.071515        1
0.071533        5
0.071642        1
0.071660        2
0.071782       20
0.071802        1
0.071909        2
0.071927        2
0.072053        2
0.072176       87
0.072302        9
0.072322        2
0.072324        1
0.072429        2
0.072447        1
0.072467        1
0.072573        2
0.072591        1
0.072696       19
0.072822        3
0.072840        5
0.072967        2
0.073090       80
0.073091        1
0.073216        9
0.073360        4
0.073487        2
0.073507        1
0.073610       11
0.073651        1
0.073736        6
0.073754        3
0.073862        1
0.073880        2
0.073900        1
0.074003       83
0.074130        3
0.074149        1
0.074256        3
0.074274        1
0.074276        1
0.074400        4
0.074523       15
0.074543        1
0.074545        2
0.074650        2
0.074668        2
0.074776        1
0.074792        2
0.074794        2
0.074917       86
0.074919        1
0.075043        5
0.075083        1
0.075170        5
0.075188        3
0.075190        1
0.075314        1
0.075437       18
0.075457        3
0.075563        1
0.075581        1
0.075708        1
0.075830       81
0.075834        2
0.075957        8
0.075977        2
0.076101        1
0.076228        3
0.076350       11
0.076370        1
0.076372        1
0.076477        4
0.076495        5
0.076619        1
0.076621        2
0.076744       67
0.076870        3
0.076890        1
0.076997        1
0.077015        7
0.077141        2
0.077159        2
0.077264        9
0.077286        1
0.077390        4
0.077409        4
0.077517        1
0.077535        2
0.077658       66
0.077660        1
0.077661        1
0.077679        1
0.077784       11
0.077804        1
0.077910        2
0.077929        1
0.078053        1
0.078055        1
0.078073        1
0.078178       14
0.078304        6
0.078322        1
0.078447        1
0.078449        2
0.078571       80
0.078575        1
0.078593        2
0.078698        7
0.078718        1
0.078824        1
0.078842        5
0.078844        1
0.078969        2
0.079091       13
0.079111        1
0.079218        3
0.079236        4
0.079238        1
0.079344        1
0.079485       71
0.079507        1
0.079611       10
0.079882        5
0.079900        1
0.080005       16
0.080131        4
0.080149        2
0.080276        2
0.080316        1
0.080399       65
0.080525        5
0.080651        1
0.080669        2
0.080671        2
0.080814        1
0.080919       13
0.080938        1
0.080940        1
0.081063        4
0.081085        1
0.081188        1
0.081209        1
0.081312       60
0.081439        5
0.081442        1
0.081458        1
0.081478        1
0.081565        2
0.081583        4
0.081709        1
0.081832       18
0.081854        1
0.081959        6
0.081977        1
0.082226       72
0.082229        4
0.082267        1
0.082352        6
0.082354        1
0.082479        3
0.082497        3
0.082623        1
0.082746       14
0.082766        2
0.082767        1
0.082872        5
0.082890        1
0.082999        1
0.083017        3
0.083139       66
0.083266        4
0.083286        1
0.083392        4
0.083410        4
0.083537        1
0.083555        1
0.083557        1
0.083659       13
0.083679        1
0.083786        2
0.083930        3
0.084053       64
0.084179        5
0.084219        1
0.084306        1
0.084324        3
0.084432        1
0.084573       12
0.084699        2
0.084717        1
0.084826        1
0.084844        3
0.084967       55
0.084970        1
0.085093        8
0.085113        2
0.085115        1
0.085133        2
0.085219        2
0.085237        1
0.085239        1
0.085364        1
0.085382        1
0.085487       12
0.085507        3
0.085613        8
0.085739        1
0.085758        3
0.085880       60
0.086007        7
0.086027        1
0.086133        1
0.086151        3
0.086296        1
0.086400        7
0.086420        1
0.086422        1
0.086527        6
0.086545        1
0.086669        1
0.086671        5
0.086794       39
0.086920        7
0.086924        1
0.087067        1
0.087085        1
0.087191        2
0.087209        1
0.087314       16
0.087334        1
0.087336        1
0.087440        1
0.087585        2
0.087605        1
0.087707       48
0.087711        1
0.087731        1
0.087834        3
0.087978        4
0.088228       10
0.088231        1
0.088247        1
0.088354        3
0.088372        1
0.088498        2
0.088500        1
0.088621       41
0.088625        2
0.088643        1
0.088748        8
0.088769        1
0.088892        3
0.088894        2
0.089141        6
0.089145        1
0.089268        3
0.089286        1
0.089412        3
0.089520        1
0.089535       70
0.089537        1
0.089661        8
0.089683        1
0.089742        1
0.089806        1
0.089932        1
0.090055       16
0.090076        1
0.090181        2
0.090199        4
0.090308        1
0.090326        2
0.090327        1
0.090448       36
0.090452        1
0.090470        1
0.090575        3
0.090595        2
0.090615        1
0.090719        1
0.090828        2
0.090864        2
0.090954        1
0.090968        4
0.090988        1
0.091095        4
0.091115        1
0.091239        2
0.091362       50
0.091364        1
0.091366        1
0.091384        2
0.091488        4
0.091508        1
0.091510        1
0.091615        1
0.091633        3
0.091882       12
0.091904        1
0.092008        2
0.092026        3
0.092153        1
0.092276       42
0.092297        1
0.092299        1
0.092402        2
0.092424        1
0.092528        1
0.092546        1
0.092566        1
0.092796        9
0.092815        1
0.092922        4
0.092940        3
0.092942        1
0.093189       40
0.093316       10
0.093336        1
0.093442        3
0.093568        1
0.093586        2
0.093709        9
0.093713        2
0.093854        3
0.094103       48
0.094229        1
0.094356        1
0.094374        2
0.094500        1
0.094623        8
0.094749        2
0.094767        5
0.094769        1
0.094892        1
0.094894        1
0.095016       48
0.095020        1
0.095143        5
0.095163        1
0.095269        2
0.095287        2
0.095289        2
0.095309        1
0.095412        1
0.095414        1
0.095536        5
0.095540        1
0.095556        1
0.095663        1
0.095681        1
0.095847        1
0.095930       41
0.095934        1
0.096056        2
0.096201        1
0.096327        2
0.096450        8
0.096472        1
0.096576        2
0.096596        1
0.096598        1
0.096721        3
0.096741        1
0.096844       31
0.096970        1
0.096990        1
0.097096        1
0.097115        1
0.097241        1
0.097364        6
0.097385        1
0.097490        2
0.097508        1
0.097635        2
0.097757       46
0.097761        1
0.097884        8
0.097905        1
0.098010        1
0.098028        1
0.098032        1
0.098173        2
0.098174        1
0.098277        8
0.098404        1
0.098422        1
0.098548        2
0.098671       31
0.098675        1
0.098694        1
0.098797        5
0.098817        2
0.098924        4
0.098942        3
0.098945        1
0.099068        1
0.099191       10
0.099213        1
0.099317        3
0.099337        1
0.099462        1
0.099585       50
0.099588        1
0.099711        6
0.099731        1
0.099733        1
0.099751        1
0.099837        1
0.099855        1
0.099877        1
0.099982        2
0.100105        9
0.100106        1
0.100126        1
0.100249        2
0.100357        2
0.100374        1
0.100375        2
0.100498       38
0.100625        5
0.100666        1
0.100751        1
0.100769        1
0.100895        2
0.101018        7
0.101145        4
0.101146        1
0.101271        1
0.101412       40
0.101538        5
0.101665        2
0.101932       13
0.102058        3
0.102076        1
0.102203        2
0.102204        1
0.102311        1
0.102325       31
0.102329        1
0.102452        4
0.102474        1
0.102596        1
0.102705        1
0.102845        8
0.102867        1
0.102972        1
0.102990        2
0.102992        1
0.103116        3
0.103118        1
0.103239       33
0.103365        2
0.103369        1
0.103492        1
0.103618        1
0.103759        4
0.103763        1
0.103779        1
0.103885        2
0.103904        1
0.103925        1
0.103945        1
0.104030        4
0.104153       33
0.104174        1
0.104279        6
0.104405        3
0.104424        1
0.104550        2
0.104673        2
0.104674        1
0.104799        1
0.104817        1
0.104819        1
0.104839        1
0.104944        1
0.105066       34
0.105070        2
0.105088        1
0.105193        6
0.105319        1
0.105464        1
0.105482        1
0.105485        1
0.105572        1
0.105586       13
0.105590        1
0.105713        1
0.105731        1
0.105839        1
0.105857        2
0.105980       40
0.106092        1
0.106106        6
0.106233        1
0.106251        1
0.106359        2
0.106500        4
0.106626        1
0.106644        4
0.106771        3
0.106894       29
0.106897        1
0.107020        3
0.107146        1
0.107166        1
0.107273        1
0.107289        1
0.107291        2
0.107414        5
0.107417        1
0.107540        5
0.107683        1
0.107684        1
0.107686        1
0.107807       28
0.107809        2
0.107811        3
0.107934        4
0.107953        1
0.108060        4
0.108078        1
0.108327        5
0.108454        3
0.108472        3
0.108475        1
0.108721       20
0.108724        1
0.108869        1
0.108974        1
0.108992        1
0.109013        1
0.109241        7
0.109367        2
0.109385        1
0.109387        1
0.109512        1
0.109634       24
0.109761        3
0.109905        4
0.110154        7
0.110198        1
0.110281        2
0.110407        1
0.110425        2
0.110447        1
0.110548       22
0.110552        1
0.110553        1
0.110674        4
0.110801        1
0.110804        1
0.110945        2
0.111068        4
0.111194        1
0.111462       31
0.111610        1
0.111714        2
0.111732        3
0.111734        1
0.111754        1
0.111857        1
0.111859        1
0.111982        6
0.111983        1
0.111985        1
0.112003        2
0.112005        1
0.112108        2
0.112126        1
0.112234        1
0.112252        1
0.112272        1
0.112375       26
0.112502        3
0.112646        2
0.112648        1
0.112754        1
0.112772        1
0.112895        5
0.112915        3
0.112917        1
0.113022        1
0.113023        1
0.113043        2
0.113061        1
0.113166        2
0.113289       18
0.113293        1
0.113415        3
0.113435        1
0.113562        1
0.113686        1
0.113809        5
0.113955        1
0.114062        1
0.114078        1
0.114080        2
0.114101        1
0.114202       29
0.114351        1
0.114370        1
0.114722        1
0.114744        1
0.114867        1
0.114975        1
0.114995        1
0.115116       25
0.115120        1
0.115242        3
0.115369        4
0.115387        2
0.115636        4
0.115640        1
0.115763        1
0.115781        2
0.115889        1
0.115907        2
0.116030       31
0.116156        6
0.116176        2
0.116178        2
0.116301        1
0.116320        1
0.116427        2
0.116449        1
0.116550        1
0.116570        1
0.116676        1
0.116694        3
0.116821        1
0.116943       20
0.117070        1
0.117090        1
0.117196        2
0.117323        1
0.117339        1
0.117449        1
0.117463        4
0.117467        1
0.117608        1
0.117734        1
0.117857       23
0.117983        4
0.118110        3
0.118377        3
0.118399        1
0.118521        1
0.118771       23
0.118774        1
0.118897        5
0.118919        1
0.119023        1
0.119041        2
0.119291        3
0.119417        2
0.119435        1
0.119457        1
0.119560        1
0.119561        1
0.119670        1
0.119684       28
0.119811        4
0.119814        1
0.119937        1
0.119955        1
0.120204        6
0.120331        2
0.120352        1
0.120457        1
0.120475        1
0.120598       15
0.120600        1
0.120601        1
0.120724        3
0.120869        1
0.121118        3
0.121138        1
0.121244        1
0.121511       25
0.121513        1
0.121638        2
0.121764        2
0.121804        1
0.122158        2
0.122161        1
0.122176        2
0.122425       26
0.122551        3
0.122840        1
0.122945        3
0.122949        1
0.123071        2
0.123075        1
0.123090        2
0.123216        2
0.123218        1
0.123339       19
0.123443        1
0.123465        3
0.123508        1
0.123610        1
0.123613        1
0.123736        1
0.123859        3
0.123862        1
0.123880        1
0.123985        1
0.124003        1
0.124252       17
0.124274        2
0.124400        1
0.124505        2
0.124648        1
0.124772        6
0.124776        1
0.124899        3
0.124917        1
0.125043        1
0.125166       22
0.125292        1
0.125312        1
0.125419        2
0.125686        2
0.125706        2
0.125812        1
0.125830        2
0.125955        1
0.126080       20
0.126083        1
0.126101        1
0.126206        2
0.126350        1
0.126354        1
0.126477        1
0.126479        1
0.126600        5
0.126726        3
0.126870        1
0.126872        1
0.126993       15
0.127120        3
0.127246        1
0.127389        1
0.127513        4
0.127533        1
0.127535        2
0.127640        3
0.127659        1
0.127907       20
0.127910        1
0.128033        3
0.128160        2
0.128427        3
0.128447        1
0.128448        1
0.128553        1
0.128571        1
0.128593        1
0.128680        1
0.128820       20
0.128947        4
0.128950        1
0.128968        1
0.129218        1
0.129236        1
0.129340        5
0.129402        1
0.129467        1
0.129593        1
0.129734       21
0.129736        1
0.130113        1
0.130131        1
0.130135        1
0.130254        4
0.130380        2
0.130648       19
0.130669        2
0.130673        1
0.130774        2
0.130900        1
0.130904        1
0.130918        1
0.130922        1
0.131168        3
0.131189        1
0.131316        1
0.131438        1
0.131561       15
0.131688        2
0.131727        2
0.131959        2
0.132081        2
0.132085        1
0.132101        1
0.132208        1
0.132229        1
0.132352        1
0.132475       16
0.132479        1
0.132601        2
0.132623        1
0.132995        3
0.133121        4
0.133125        1
0.133248        2
0.133264        1
0.133388       20
0.133500        1
0.133515        1
0.133659        2
0.133908        2
0.134035        3
0.134302       15
0.134429        2
0.134555        3
0.134681        1
0.134699        1
0.134822        5
0.134968        1
0.134988        1
0.135075        2
0.135216       11
0.135219        1
0.135237        2
0.135342        3
0.135469        3
0.135487        1
0.135488        1
0.135595        1
0.135631        1
0.135736        2
0.135862        3
0.136008        1
0.136129       12
0.136153        1
0.136256        3
0.136259        1
0.136277        1
0.136382        2
0.136400        1
0.136649        4
0.136671        1
0.136794        1
0.137043       18
0.137169        2
0.137193        1
0.137563        1
0.137689        1
0.137709        2
0.137834        2
0.137957       15
0.137960        1
0.138083        2
0.138123        1
0.138209        2
0.138227        1
0.138247        1
0.138376        1
0.138477        1
0.138496        2
0.138603        1
0.138621        1
0.138870       11
0.138874        1
0.138982        1
0.138997        4
0.139038        1
0.139376        1
0.139390        1
0.139394        1
0.139537        1
0.139661        1
0.139784       20
0.140037        1
0.140055        1
0.140304        2
0.140448        1
0.140557        1
0.140578        1
0.140697       10
0.140824        1
0.140950        2
0.140968        2
0.141095        1
0.141217        2
0.141237        1
0.141241        1
0.141261        1
0.141364        1
0.141611       15
0.141737        1
0.141864        1
0.141990        1
0.142131        2
0.142257        1
0.142276        1
0.142277        2
0.142402        1
0.142525       11
0.142637        1
0.142651        2
0.142924        1
0.143045        2
0.143171        5
0.143316        1
0.143438       12
0.143565        3
0.143691        1
0.143958        2
0.143960        1
0.143980        1
0.144085        1
0.144211        1
0.144213        1
0.144227        1
0.144231        1
0.144352       13
0.144478        1
0.144771        1
0.144872        4
0.144998        3
0.145016        1
0.145266       11
0.145392        1
0.145518        1
0.145536        1
0.145538        1
0.145786        1
0.145912        1
0.146179       11
0.146306        2
0.146450        1
0.146452        1
0.146454        1
0.146472        1
0.146598        1
0.146703        1
0.146719        1
0.146826        2
0.146952        1
0.147093        9
0.147096        2
0.147219        3
0.147613        4
0.147616        1
0.147654        1
0.147739        1
0.147757        2
0.147884        1
0.148006       20
0.148133        1
0.148136        1
0.148155        1
0.148259        2
0.148526        2
0.148653        2
0.148658        1
0.148797        2
0.148920       14
0.149108        1
0.149315        1
0.149440        1
0.149584        1
0.149715        1
0.149834        7
0.149960        2
0.150000     1413
0.150086        1
0.150126        1
0.150213        1
0.150354        3
0.150480        1
0.150520        1
0.150646        1
0.150747       14
0.151022        1
0.151267        2
0.151269        1
0.151412        1
0.151415        2
0.151433        1
0.151536        1
0.151661        7
0.151787        1
0.151791        1
0.151914        1
0.151932        1
0.151935        1
0.152181        1
0.152185        2
0.152307        3
0.152434        1
0.152575       14
0.152578        1
0.152701        2
0.152831        1
0.152845        1
0.152849        1
0.153095        1
0.153096        1
0.153098        1
0.153261       21
0.153488        8
0.153510        1
0.153615        1
0.153718        1
0.153779        1
0.154008        3
0.154174       11
0.154402       11
0.154479        1
0.154528        2
0.154548        1
0.154631        2
0.154655        1
0.154658        1
0.154673        1
0.154922        2
0.155066        1
0.155088       71
0.155214        1
0.155315       16
0.155357        3
0.155545        2
0.155568        1
0.155713        1
0.155814        1
0.155835        4
0.155839        1
0.155855        1
0.155983        1
0.156002      198
0.156104        1
0.156229       10
0.156230        2
0.156233        1
0.156271       70
0.156306        1
0.156355        2
0.156359        1
0.156377        1
0.156459        1
0.156522       10
0.156608        1
0.156749        1
0.156875        2
0.156915      406
0.157000        1
0.157128        1
0.157143        4
0.157184       81
0.157372        1
0.157395        1
0.157522        1
0.157540        1
0.157641        1
0.157663        1
0.157789        1
0.157829      503
0.157933        1
0.158056       11
0.158098       85
0.158133        1
0.158286        1
0.158309        1
0.158329        1
0.158349        1
0.158435        1
0.158472        1
0.158555        1
0.158580        1
0.158703        2
0.158743      728
0.158806        2
0.158829        2
0.158869        1
0.158970        9
0.159012       74
0.159096        1
0.159136        1
0.159147        1
0.159199        4
0.159223        1
0.159241        1
0.159263        3
0.159510        1
0.159512        1
0.159616        2
0.159634        1
0.159656      885
0.159719        2
0.159783        3
0.159839        1
0.159883       11
0.159925       54
0.159927        1
0.159960        1
0.160010        1
0.160113        2
0.160136        1
0.160156        1
0.160176        2
0.160403        1
0.160548        1
0.160570      896
0.160656        1
0.160714        7
0.160797       11
0.160839       40
0.160874        1
0.160923        2
0.161027        1
0.161068        1
0.161090        9
0.161110        1
0.161180        1
0.161194        1
0.161198        1
0.161317        1
0.161337        1
0.161339        1
0.161483      952
0.161547        1
0.161588        1
0.161628        2
0.161630        1
0.161711        5
0.161752       40
0.161837        1
0.161940        2
0.162003       12
0.162108        1
0.162231        2
0.162232        1
0.162375        2
0.162397        1
0.162397      962
0.162484        1
0.162542       22
0.162624        7
0.162628        1
0.162666       37
0.162751        1
0.162877        3
0.162917       20
0.162980        1
0.162998        2
0.163037        1
0.163144        3
0.163186        3
0.163311      975
0.163374        1
0.163415        1
0.163455       46
0.163538       12
0.163560        1
0.163580       47
0.163767        1
0.163831       17
0.163912        1
0.163939        1
0.163975        1
0.164058        2
0.164100        1
0.164184        1
0.164224      957
0.164351        1
0.164369      111
0.164437        1
0.164452       11
0.164493       39
0.164578        1
0.164744       35
0.164849        1
0.164957        1
0.164972        2
0.165013        2
0.165098        2
0.165116        2
0.165138      973
0.165201        1
0.165250        1
0.165264        1
0.165282      165
0.165365       14
0.165407       37
0.165477        1
0.165495        1
0.165618        1
0.165636        2
0.165658       43
0.165721        1
0.165739        1
0.165927        5
0.166030        1
0.166052      976
0.166071       11
0.166178        1
0.166196      215
0.166279       11
0.166321       28
0.166405        4
0.166508        1
0.166532        1
0.166572       63
0.166821        1
0.166841        3
0.166925        2
0.166965      954
0.167070        1
0.167110      250
0.167178        1
0.167181        1
0.167192        4
0.167234       32
0.167485       64
0.167588        1
0.167630        1
0.167716        1
0.167754        6
0.167839        2
0.167879      949
0.167951        1
0.167987        1
0.168005        3
0.168023      263
0.168106        7
0.168148       21
0.168232        2
0.168274        1
0.168359        1
0.168377        1
0.168399       75
0.168401        1
0.168480        3
0.168626        1
0.168648        1
0.168668        7
0.168752        2
0.168772        1
0.168792      896
0.168919        3
0.168937      270
0.169020       11
0.169061       23
0.169146        2
0.169312       71
0.169332        7
0.169435        1
0.169457        1
0.169457        2
0.169540        1
0.169581        9
0.169706      845
0.169726        1
0.169832        2
0.169850      272
0.169933       11
0.169937        1
0.169975       19
0.170063        2
0.170081        2
0.170101        2
0.170186        1
0.170226       75
0.170352        1
0.170370        3
0.170495        9
0.170580        1
0.170620      832
0.170746        6
0.170764      276
0.170847        9
0.170851        2
0.170889       22
0.171015        1
0.171120        1
0.171140       92
0.171266        2
0.171284       11
0.171409        8
0.171429        4
0.171511        1
0.171533      657
0.171553        8
0.171620        1
0.171660        4
0.171678      248
0.171761        4
0.171802       25
0.171929        1
0.172035        1
0.172053      105
0.172158        1
0.172180        1
0.172198       15
0.172322        7
0.172407        1
0.172447      673
0.172467        8
0.172551        1
0.172573       11
0.172575        1
0.172591      206
0.172593        3
0.172674        8
0.172716       20
0.172801        1
0.172820        1
0.172842        1
0.172896        1
0.172967      126
0.173057        1
0.173111       25
0.173194        2
0.173198        1
0.173236        5
0.173361      620
0.173362        1
0.173380       13
0.173487        4
0.173505      220
0.173573        1
0.173588        7
0.173630       21
0.173837        2
0.173841        1
0.173881      111
0.174007        2
0.174025       37
0.174108        1
0.174150        4
0.174252        1
0.174274      517
0.174276        1
0.174294       37
0.174361        1
0.174401        9
0.174419      184
0.174501       15
0.174509        1
0.174543       10
0.174670        4
0.174794      122
0.174938        1
0.174939       41
0.174984        1
0.175007        1
0.175021        1
0.175027        1
0.175063       10
0.175148        1
0.175151        1
0.175166        2
0.175188      510
0.175190        3
0.175208       82
0.175314        8
0.175332      138
0.175415       10
0.175457       21
0.175583        1
0.175653        1
0.175664        1
0.175671        1
0.175708      140
0.175794        1
0.175812        1
0.175830        1
0.175834        3
0.175852       52
0.175854        2
0.175935        1
0.175977       11
0.176040        1
0.176061        1
0.176065        1
0.176101      466
0.176121      149
0.176228       14
0.176246      148
0.176314        1
0.176329        8
0.176332        1
0.176370       11
0.176372        1
0.176455        1
0.176497        5
0.176578        1
0.176621      133
0.176643        1
0.176766       57
0.176786        2
0.176849        1
0.176890        7
0.176997        1
0.177015      456
0.177019        1
0.177035      157
0.177078        2
0.177141       12
0.177159      110
0.177242        4
0.177264        1
0.177284        7
0.177410        1
0.177474        1
0.177513        1
0.177515        1
0.177535      131
0.177661        1
0.177679       73
0.177762        2
0.177766        1
0.177804       11
0.177907        1
0.177929      476
0.177930        2
0.177948      181
0.178015        1
0.178055       21
0.178073       97
0.178156        6
0.178198        5
0.178199        2
0.178268        1
0.178282        1
0.178286        1
0.178288        1
0.178324        2
0.178449      117
0.178450        1
0.178512        1
0.178535        1
0.178553        1
0.178575        1
0.178593       98
0.178676        2
0.178718       16
0.178842      395
0.178862      208
0.178947        1
0.178969       12
0.178987       90
0.179069        6
0.179111        8
0.179113        6
0.179115        2
0.179238        1
0.179319        1
0.179322        1
0.179362      142
0.179382        2
0.179417        1
0.179470        1
0.179489        2
0.179507       89
0.179593        1
0.179609        1
0.179631        6
0.179651        1
0.179716        1
0.179756      345
0.179758        2
0.179776      214
0.179882       16
0.179900       66
0.179983        8
0.180008        1
0.180009        2
0.180025        2
0.180027        7
0.180109        1
0.180151        7
0.180236        1
0.180258        1
0.180276      143
0.180296        3
0.180341        1
0.180402        3
0.180420       90
0.180545       10
0.180565        2
0.180630        2
0.180669      367
0.180671        2
0.180689      234
0.180796       23
0.180814       60
0.180875        1
0.180897        8
0.180900        1
0.180938        8
0.180940        6
0.181023        1
0.181065        3
0.181146        1
0.181150        1
0.181189      124
0.181209        8
0.181292        1
0.181316        2
0.181334       87
0.181417        1
0.181420        1
0.181459       10
0.181583      322
0.181585        2
0.181603      210
0.181709       26
0.181728       72
0.181810        7
0.181836        1
0.181852        9
0.181854        5
0.181962        1
0.181979        8
0.182040        1
0.182081        1
0.182103      143
0.182123       14
0.182143        3
0.182190        1
0.182229        3
0.182248       90
0.182372        9
0.182392        6
0.182497      274
0.182499        5
0.182517      223
0.182583        1
0.182623       33
0.182641       46
0.182724        6
0.182766        7
0.182768       10
0.182892        2
0.182977        1
0.182995        1
0.183017       99
0.183037       16
0.183143        3
0.183161       85
0.183266        1
0.183286       12
0.183306        6
0.183308        1
0.183410      251
0.183412        1
0.183430      171
0.183515        1
0.183537       25
0.183555       53
0.183638        6
0.183679        6
0.183681       12
0.183726        1
0.183764        3
0.183806        5
0.183890        1
0.183930      112
0.183950       16
0.184057        1
0.184075       75
0.184158        2
0.184199        7
0.184219        5
0.184306        1
0.184324      259
0.184326        5
0.184344      143
0.184450       30
0.184468       46
0.184551        9
0.184577        1
0.184593        3
0.184595       21
0.184699        1
0.184719        1
0.184844      118
0.184846        1
0.184864       36
0.184967        1
0.184970        7
0.184988       77
0.185071        1
0.185097        1
0.185113        5
0.185133        3
0.185198        3
0.185238      212
0.185239        1
0.185257      155
0.185342        1
0.185364       32
0.185382       42
0.185404        1
0.185465        3
0.185465        1
0.185472        1
0.185507        8
0.185508       21
0.185591        1
0.185633        4
0.185758      132
0.185759        1
0.185777       45
0.185848        1
0.185862        1
0.185884        7
0.185902       59
0.185988        1
0.186027        4
0.186028        1
0.186046        1
0.186046        8
0.186151      210
0.186153        7
0.186171      149
0.186278       38
0.186296       25
0.186297        1
0.186378        6
0.186400        1
0.186420        3
0.186422       24
0.186490        1
0.186547        2
0.186631        1
0.186671      104
0.186673        1
0.186691       59
0.186798        5
0.186816       63
0.186836        1
0.186898        3
0.186940        6
0.186942        1
0.186960       11
0.187065        1
0.187065      223
0.187067        4
0.187085      143
0.187191       32
0.187209       40
0.187292        8
0.187334        3
0.187336       30
0.187418        1
0.187460        2
0.187480        1
0.187585      114
0.187587        3
0.187605       64
0.187711        2
0.187729       55
0.187749        1
0.187750        1
0.187834        1
0.187838        1
0.187854        4
0.187856        1
0.187874        6
0.187978      181
0.187980        5
0.187998      104
0.188042        1
0.188105       43
0.188123       40
0.188125        1
0.188142        1
0.188206        7
0.188227        1
0.188231        1
0.188247        2
0.188249       29
0.188332        5
0.188374        5
0.188498      111
0.188518       75
0.188625        6
0.188643       55
0.188663        2
0.188711        1
0.188726        1
0.188747        1
0.188767        5
0.188769        1
0.188787        3
0.188838        1
0.188870        1
0.188892        1
0.188892      179
0.188894        3
0.188912      114
0.189018       37
0.189036       28
0.189038        1
0.189119        6
0.189145        1
0.189161        1
0.189163       29
0.189246        2
0.189287        7
0.189289        1
0.189412       97
0.189432       83
0.189498        1
0.189538        5
0.189557       47
0.189576        2
0.189659        1
0.189665        1
0.189681        7
0.189683        3
0.189701        9
0.189766        1
0.189806      167
0.189807        5
0.189826       85
0.189830        1
0.189892        2
0.189914        1
0.189932       31
0.189950       31
0.189952        6
0.190019        1
0.190033        4
0.190077       38
0.190145        1
0.190201        3
0.190307        1
0.190326       98
0.190327        2
0.190346       89
0.190452        8
0.190470       56
0.190490        2
0.190553        2
0.190595        1
0.190597        3
0.190615        5
0.190719      184
0.190721        3
0.190739       80
0.190846       31
0.190864       23
0.190866        5
0.190947        2
0.190988        3
0.190990       38
0.191073        2
0.191115        5
0.191135        2
0.191219        1
0.191239       92
0.191259      105
0.191366       10
0.191384       39
0.191404        3
0.191467        2
0.191508        1
0.191508        4
0.191510        7
0.191528       11
0.191633      157
0.191635        1
0.191653       75
0.191759       37
0.191777       27
0.191779       11
0.191796        1
0.191860        8
0.191902        1
0.191904       34
0.191987        1
0.191990        1
0.192028        5
0.192048        1
0.192135        1
0.192153       83
0.192155        1
0.192173       87
0.192239        1
0.192279        8
0.192297       23
0.192317        4
0.192370        1
0.192380        1
0.192422        2
0.192424        4
0.192442       12
0.192443        1
0.192547      151
0.192548        6
0.192566       77
0.192673       47
0.192691       20
0.192693        6
0.192774        6
0.192799        3
0.192816        4
0.192817       24
0.192942        8
0.192962        3
0.193067       94
0.193068        1
0.193086      116
0.193193        8
0.193211       35
0.193231        3
0.193294        1
0.193336        6
0.193337        3
0.193355       12
0.193460      142
0.193462        3
0.193480       55
0.193547        1
0.193587       33
0.193605       17
0.193606       12
0.193687        7
0.193729        3
0.193731       26
0.193814        1
0.193839        1
0.193856        6
0.193875        3
0.193980       72
0.193982        3
0.194000       92
0.194107        8
0.194125       35
0.194144        6
0.194249        3
0.194251        3
0.194269        7
0.194334        2
0.194374      110
0.194376        3
0.194394       51
0.194500       38
0.194518       23
0.194520       16
0.194601        6
0.194627        4
0.194643        1
0.194645       26
0.194727        3
0.194753        1
0.194769        4
0.194789        7
0.194857        1
0.194879        1
0.194894       84
0.194896        3
0.194914      103
0.195020        7
0.195038       29
0.195058        3
0.195121        2
0.195163        4
0.195165        1
0.195183        9
0.195267        1
0.195287      120
0.195289        1
0.195307       60
0.195414       42
0.195416        1
0.195432       15
0.195434       24
0.195515        5
0.195540        3
0.195556        4
0.195558       25
0.195641        1
0.195683        5
0.195685        1
0.195703        2
0.195807       71
0.195809        1
0.195827       94
0.195934        9
0.195952       26
0.195972        2
0.196017        1
0.196021        1
0.196035        1
0.196055        1
0.196076        5
0.196078        4
0.196096        6
0.196183        1
0.196201      132
0.196203        1
0.196221       61
0.196223        1
0.196306        1
0.196327       24
0.196329        1
0.196345       20
0.196347       27
0.196428        2
0.196454        3
0.196470        2
0.196472       24
0.196492        1
0.196596        3
0.196616        5
0.196681        1
0.196721       51
0.196741       83
0.196761        4
0.196847        8
0.196849        1
0.196865       28
0.196885        3
0.196948        1
0.196990        1
0.196992        2
0.197010       11
0.197115       95
0.197116        6
0.197135       38
0.197136        1
0.197241       34
0.197259       16
0.197261       22
0.197342        5
0.197367        7
0.197384        3
0.197385       25
0.197510        2
0.197530        7
0.197635       63
0.197636        3
0.197655       90
0.197674        4
0.197737        1
0.197761       13
0.197775        1
0.197779       27
0.197799        4
0.197862        1
0.197887        1
0.197904        2
0.197905       10
0.197924       15
0.198028       89
0.198030        1
0.198048       36
0.198155       49
0.198173       15
0.198175       34
0.198255        5
0.198281        3
0.198297        1
0.198299       26
0.198319        1
0.198382        2
0.198424        2
0.198444        2
0.198526        1
0.198548       62
0.198568       88
0.198588        6
0.198675        9
0.198693       31
0.198695        4
0.198713        5
0.198817        4
0.198819        8
0.198837        8
0.198854        1
0.198902        1
0.198942       76
0.198944        5
0.198962       39
0.198964        1
0.199028        1
0.199068       28
0.199070        2
0.199086       11
0.199088       38
0.199155        1
0.199169        6
0.199195        2
0.199211        2
0.199213       29
0.199233        3
0.199296        1
0.199337        4
0.199357        4
0.199462       58
0.199464        3
0.199482       54
0.199484        1
0.199502        9
0.199548        1
0.199574        1
0.199588        6
0.199590        1
0.199606       31
0.199608        5
0.199626        2
0.199733        7
0.199751       15
0.199816        1
0.199834        1
0.199855       89
0.199857        2
0.199875       49
0.199982       28
0.200000       12
0.200002       28
0.200083        5
0.200108        2
0.200125        4
0.200126       25
0.200146        3
0.200209        1
0.200251        2
0.200271        2
0.200336        1
0.200354        1
0.200375       50
0.200377        1
0.200395       64
0.200415        4
0.200480        1
0.200502       12
0.200520       24
0.200522        7
0.200540        3
0.200603        1
0.200606        1
0.200623        1
0.200624        1
0.200645        2
0.200646       13
0.200664        5
0.200769        1
0.200769       88
0.200771        1
0.200789       28
0.200895       36
0.200914       13
0.200915       40
0.200932        1
0.200996        4
0.201000        1
0.201022        3
0.201038        2
0.201040       25
0.201060        1
0.201144        1
0.201148        1
0.201165        1
0.201166        1
0.201184        5
0.201289       41
0.201309       61
0.201329        6
0.201416       17
0.201434       21
0.201435        5
0.201453        6
0.201520        1
0.201542        1
0.201558        2
0.201560       10
0.201578        4
0.201683       73
0.201685        1
0.201703       34
0.201704        2
0.201769        1
0.201787        1
0.201809       30
0.201827       11
0.201829       31
0.201849        1
0.201910        4
0.201936        4
0.201952        4
0.201954       20
0.201973        5
0.202036        1
0.202040        1
0.202062        1
0.202078        2
0.202080        3
0.202098        2
0.202203       59
0.202205        1
0.202223       60
0.202224        1
0.202242       10
0.202329        5
0.202347       17
0.202349        5
0.202367        5
0.202472        1
0.202474       11
0.202492        4
0.202556        1
0.202560        1
0.202596       71
0.202598        1
0.202616       21
0.202618        1
0.202723       31
0.202741       11
0.202743       41
0.202824        3
0.202849        2
0.202865        3
0.202867       17
0.202887        8
0.202992        2
0.202994        1
0.203012        1
0.203032        2
0.203055        1
0.203062        1
0.203116       49
0.203136       49
0.203156        4
0.203243       12
0.203261       19
0.203263        7
0.203281        3
0.203344        1
0.203385        1
0.203387        8
0.203405       12
0.203449        1
0.203494        1
0.203510       68
0.203512        1
0.203530       26
0.203532        1
0.203571        1
0.203636       26
0.203654       15
0.203656       40
0.203737       10
0.203763        3
0.203779        2
0.203781       14
0.203783        1
0.203801        3
0.203905        2
0.203907        2
0.203925        8
0.203945        1
0.204030       54
0.204050       65
0.204052        1
0.204067        1
0.204070        7
0.204134        1
0.204156       10
0.204174       18
0.204176        8
0.204194        5
0.204299        1
0.204301       16
0.204319       12
0.204424       73
0.204443       26
0.204445        2
0.204528        1
0.204550       27
0.204568       12
0.204570       35
0.204590        1
0.204651       10
0.204654        1
0.204673        1
0.204676        3
0.204693        2
0.204694       19
0.204714        7
0.204819        3
0.204821        2
0.204839        6
0.204859        1
0.204865        1
0.204944       45
0.204963       52
0.204983        9
0.205070       10
0.205088       10
0.205090       16
0.205108        3
0.205135        1
0.205196        2
0.205213        1
0.205214       10
0.205233        7
0.205234        1
0.205297        1
0.205301        1
0.205337       68
0.205339        2
0.205357       24
0.205359        2
0.205464       23
0.205465        1
0.205482       10
0.205483       38
0.205564        5
0.205590        1
0.205606        1
0.205608        9
0.205610        1
0.205628        8
0.205716        1
0.205733        4
0.205734        2
0.205753        4
0.205772        1
0.205817        1
0.205857       49
0.205859        1
0.205861        1
0.205877       51
0.205897        4
0.205984       20
0.206002       14
0.206003       10
0.206022        2
0.206080        1
0.206084        1
0.206110        1
0.206126        1
0.206128       10
0.206146        6
0.206211        1
0.206251       76
0.206271       19
0.206273        2
0.206355        1
0.206377       15
0.206395       15
0.206397       30
0.206478        5
0.206503        1
0.206504        1
0.206520        5
0.206522       21
0.206524        2
0.206542        4
0.206646        1
0.206648        3
0.206666        6
0.206771       44
0.206791       31
0.206811        3
0.206875        3
0.206897       13
0.206915       11
0.206917       13
0.206935        4
0.206998        1
0.206998        1
0.207024        2
0.207040        2
0.207042       12
0.207060       11
0.207062        1
0.207124        1
0.207150        2
0.207164       64
0.207166        4
0.207184       12
0.207186        3
0.207291       27
0.207309       10
0.207311       49
0.207392        1
0.207417        9
0.207435       13
0.207455        7
0.207498        1
0.207518        1
0.207562        3
0.207580        3
0.207684       40
0.207686        1
0.207704       41
0.207706        1
0.207724        5
0.207811       16
0.207829       16
0.207831       10
0.207912        2
0.207937        1
0.207955        5
0.207973        5
0.207975        5
0.208056        1
0.208064        1
0.208078       60
0.208080        1
0.208098       21
0.208100        1
0.208204        1
0.208204       14
0.208223        8
0.208224       26
0.208244        2
0.208305        9
0.208331        3
0.208347        2
0.208349       16
0.208351        1
0.208369       14
0.208475        2
0.208493        1
0.208513        1
0.208598       39
0.208618       33
0.208638        3
0.208724       12
0.208743       11
0.208744       18
0.208762        4
0.208851        3
0.208867        2
0.208869        9
0.208887       10
0.208889        7
0.208955        1
0.208992       44
0.208994        1
0.208995        1
0.209012       18
0.209013        2
0.209100        1
0.209118       27
0.209120        1
0.209136        7
0.209138       52
0.209158        2
0.209219        5
0.209244       11
0.209261        2
0.209263       14
0.209282       13
0.209371        2
0.209387        2
0.209389        3
0.209407        1
0.209427        1
0.209512       36
0.209514        1
0.209532       31
0.209551        7
0.209616        2
0.209638        1
0.209638       15
0.209656       17
0.209658       10
0.209676        4
0.209739        1
0.209764        2
0.209783       13
0.209801        5
0.209802        3
0.209844        1
0.209869        1
0.209883        1
0.209905       53
0.209907        2
0.209909        1
0.209925       22
0.210032       28
0.210035        1
0.210050       12
0.210052       30
0.210071        2
0.210133        7
0.210158        5
0.210160        1
0.210176       14
0.210196        2
0.210301        3
0.210303        3
0.210321        3
0.210385        1
0.210425       36
0.210445       28
0.210465        3
0.210552       12
0.210554        2
0.210570       16
0.210572       10
0.210653        1
0.210694        1
0.210696       14
0.210714        9
0.210716        3
0.210819       57
0.210821        1
0.210823        1
0.210839       15
0.210841        4
0.210945       20
0.210963        7
0.210965       26
0.210985        1
0.211046        3
0.211072        8
0.211088        1
0.211090        8
0.211092        1
0.211110        4
0.211216        2
0.211234        5
0.211236        1
0.211339       33
0.211341        3
0.211342        1
0.211359       28
0.211379        4
0.211465       14
0.211483       13
0.211485        8
0.211503        2
0.211566        1
0.211610        9
0.211628        6
0.211630        4
0.211693        1
0.211733       47
0.211734        1
0.211736        1
0.211752       19
0.211754        3
0.211837        1
0.211844        1
0.211859       18
0.211861        1
0.211877       12
0.211879       40
0.211899        1
0.211960        1
0.211985        4
0.212002        1
0.212003       15
0.212005        2
0.212023        3
0.212086        1
0.212090        1
0.212128        1
0.212130        2
0.212148        3
0.212198        1
0.212253       30
0.212254        1
0.212272       30
0.212292        4
0.212379        8
0.212397        8
0.212399       12
0.212417        2
0.212523        3
0.212541        7
0.212543        1
0.212626        1
0.212632        1
0.212646       36
0.212666       14
0.212668        3
0.212736        1
0.212773       19
0.212774        1
0.212791       12
0.212792       33
0.212812        1
0.212873        8
0.212899        4
0.212917        8
0.212919        2
0.212937        6
0.213000        1
0.213042        3
0.213061        2
0.213126        1
0.213166       30
0.213168        1
0.213186       20
0.213188        1
0.213206        2
0.213293        8
0.213311       13
0.213312       14
0.213331        2
0.213419        1
0.213435        1
0.213437        3
0.213455        4
0.213457        5
0.213560       57
0.213562        2
0.213580       14
0.213581        4
0.213650        1
0.213650        1
0.213672        1
0.213686       33
0.213704        4
0.213706       24
0.213726        2
0.213787        5
0.213813       11
0.213829        2
0.213831       18
0.213832        9
0.213851        5
0.213913        1
0.213917        1
0.213939        3
0.213957        1
0.213975        4
0.214080       26
0.214082        2
0.214100       23
0.214101        1
0.214120        1
0.214184        1
0.214206       16
0.214224        9
0.214226       14
0.214244        1
0.214307        2
0.214314        1
0.214333        2
0.214349        1
0.214351        7
0.214369        6
0.214371        4
0.214473       39
0.214475        2
0.214477        1
0.214493       11
0.214495        1
0.214515        1
0.214600       23
0.214602        1
0.214618        5
0.214620       30
0.214622        1
0.214640        4
0.214701        3
0.214726        2
0.214744       12
0.214746        4
0.214764        7
0.214827        2
0.214852        1
0.214869        3
0.214871        2
0.214889        5
0.214909        1
0.214953        1
0.214993       21
0.214995        1
0.215013       19
0.215015        2
0.215033        5
0.215120        7
0.215138       16
0.215140       21
0.215158        3
0.215246        2
0.215262        1
0.215264        6
0.215266        1
0.215282       10
0.215284        5
0.215347        4
0.215365        1
0.215387       49
0.215389        1
0.215391        2
0.215407       11
0.215409        1
0.215513       22
0.215531        7
0.215533       20
0.215553        3
0.215614        4
0.215620        1
0.215640        8
0.215656        1
0.215658        1
0.215658        7
0.215660        5
0.215678        4
0.215741        1
0.215744        1
0.215782        3
0.215784        5
0.215802        5
0.215887        1
0.215907       32
0.215909        2
0.215927       21
0.215929        1
0.215947        3
0.216012        1
0.216033       14
0.216051       10
0.216053       22
0.216071        1
0.216160        2
0.216176        1
0.216178        7
0.216196        5
0.216198        3
0.216301       43
0.216321       20
0.216322        3
0.216427       27
0.216445        2
0.216447       28
0.216449        1
0.216467        4
0.216528        5
0.216553        1
0.216570        2
0.216571       17
0.216573        3
0.216591        3
0.216676        1
0.216696        1
0.216698        2
0.216716        5
0.216718        2
0.216821       35
0.216822        2
0.216841       16
0.216860        2
0.216947       10
0.216965       11
0.216967       10
0.216987        1
0.217048        1
0.217068        1
0.217073        3
0.217090        1
0.217092       12
0.217110        2
0.217111        8
0.217214       47
0.217218        2
0.217234       11
0.217236        4
0.217341       29
0.217342        1
0.217359        6
0.217361       21
0.217380        5
0.217442        5
0.217467        7
0.217483        1
0.217485        1
0.217485        3
0.217487        7
0.217505        2
0.217593        1
0.217612        6
0.217630        4
0.217631        1
0.217734       30
0.217754       16
0.217756        1
0.217774        6
0.217861       11
0.217879        5
0.217881       20
0.217899        2
0.217900        2
0.217981        1
0.217987        4
0.218005        9
0.218007        1
0.218023        9
0.218025        5
0.218128       46
0.218130        1
0.218132        1
0.218148        6
0.218150        1
0.218254       26
0.218256        1
0.218272       10
0.218274       24
0.218294        2
0.218355        2
0.218381        5
0.218397        1
0.218399        9
0.218401        3
0.218419        3
0.218523        1
0.218525        4
0.218543        5
0.218563        1
0.218608        1
0.218648       25
0.218650        1
0.218668       19
0.218688        4
0.218756        1
0.218774        3
0.218792        5
0.218794       14
0.218812        5
0.218875        1
0.218901        3
0.218919       11
0.218937        5
0.218939        8
0.218959        1
0.219041       31
0.219043        1
0.219061       12
0.219063        4
0.219168       17
0.219170        1
0.219186        8
0.219188       25
0.219208        8
0.219269        5
0.219294        5
0.219311        1
0.219312        6
0.219314        5
0.219332        1
0.219352        1
0.219421        1
0.219437        2
0.219439        1
0.219457        1
0.219459        2
0.219477        1
0.219562       14
0.219581       15
0.219601        8
0.219688        7
0.219690        1
0.219706        7
0.219708        9
0.219726        4
0.219814        2
0.219832        2
0.219850        5
0.219852        3
0.219955       46
0.219959        2
0.219975       12
0.219977        2
0.219979        1
0.220082       19
0.220100        5
0.220101       16
0.220121        5
0.220182        4
0.220186        1
0.220208        8
0.220224        1
0.220226       12
0.220228        4
0.220246        6
0.220334        1
0.220351        2
0.220352        5
0.220370        2
0.220372        2
0.220475       26
0.220495       18
0.220497        1
0.220515        7
0.220580        1
0.220602        3
0.220620        3
0.220621       19
0.220639        1
0.220726        1
0.220728        7
0.220746        9
0.220748        1
0.220764        4
0.220766        5
0.220829        2
0.220832        1
0.220869       25
0.220889        6
0.220890        4
0.220959        1
0.220995       12
0.221013        8
0.221015       17
0.221035        5
0.221096        4
0.221122        4
0.221140       10
0.221141        6
0.221159        6
0.221179        1
0.221248        1
0.221264        2
0.221266        5
0.221284        5
0.221286        4
0.221352        1
0.221389       23
0.221391        1
0.221392        1
0.221409       14
0.221429        2
0.221515        9
0.221533        6
0.221535       12
0.221553        2
0.221555        1
0.221616        2
0.221618        1
0.221658        2
0.221660        3
0.221678        5
0.221679        5
0.221699        1
0.221768        1
0.221782       26
0.221784        1
0.221786        1
0.221802       11
0.221804        2
0.221909       14
0.221927        7
0.221929       14
0.221949        4
0.221967        1
0.222010        3
0.222035       10
0.222053        3
0.222055        5
0.222073        2
0.222180        4
0.222198        7
0.222199        2
0.222302       25
0.222322       15
0.222324        1
0.222342        2
0.222407        1
0.222429        9
0.222447        3
0.222449       13
0.222469        3
0.222555        2
0.222573        6
0.222575        1
0.222591        2
0.222593        4
0.222613        1
0.222656        2
0.222696       39
0.222698        2
0.222700        1
0.222716       15
0.222738        1
0.222822       20
0.222840        7
0.222842       27
0.222844        5
0.222862        5
0.222923        6
0.222949        4
0.222967        5
0.222969        4
0.222987        5
0.223050        1
0.223075        1
0.223091        1
0.223093        3
0.223111        3
0.223113        2
0.223194        1
0.223198        1
0.223216       17
0.223218        1
0.223220        1
0.223236        9
0.223256        4
0.223302        1
0.223342        8
0.223360       10
0.223362       15
0.223382        2
0.223469        3
0.223487        3
0.223505        6
0.223507        2
0.223610       38
0.223611        1
0.223613        1
0.223629       10
0.223631        4
0.223633        1
0.223696        1
0.223736       13
0.223754        6
0.223756       10
0.223776        3
0.223837        2
0.223862        6
0.223880        7
0.223882        5
0.223900        1
0.223963        1
0.223989        1
0.224005        2
0.224007        5
0.224025        1
0.224027        2
0.224130       28
0.224149       13
0.224151        1
0.224169        2
0.224256       11
0.224274        7
0.224276        7
0.224294        1
0.224382        2
0.224399        1
0.224400        2
0.224402        2
0.224420        3
0.224523       30
0.224527        1
0.224543       11
0.224545        3
0.224595        1
0.224650       15
0.224668        3
0.224669        9
0.224671        1
0.224689        1
0.224750        7
0.224756        1
0.224776        5
0.224794       13
0.224796        4
0.224814        4
0.224902        1
0.224920        2
0.224939        2
0.224940        3
0.225043       25
0.225045        3
0.225063        6
0.225083        1
0.225170        9
0.225171        1
0.225188        6
0.225190        9
0.225209        2
0.225270        1
0.225296        1
0.225314        6
0.225316        1
0.225332        2
0.225334        5
0.225401        1
0.225419        1
0.225437       41
0.225457        3
0.225459        2
0.225523        1
0.225563       11
0.225581        4
0.225583       12
0.225603        5
0.225664        6
0.225690        1
0.225708        8
0.225710        9
0.225728        4
0.225747        1
0.225790        1
0.225792        1
0.225816        1
0.225834        3
0.225852        2
0.225854        2
0.225872        2
0.225917        1
0.225957       23
0.225960        1
0.225977       13
0.225979        1
0.225997        1
0.225998        1
0.226083        5
0.226101        9
0.226103       13
0.226123        6
0.226210        3
0.226226        1
0.226228        5
0.226246        1
0.226248        3
0.226350       27
0.226352        2
0.226370       14
0.226372        1
0.226392        1
0.226455        1
0.226477       13
0.226495        6
0.226497       15
0.226517        2
0.226578        2
0.226581        1
0.226603        3
0.226619        3
0.226621        5
0.226623        6
0.226730        1
0.226746        2
0.226748        4
0.226766        8
0.226768        2
0.226870       20
0.226872        1
0.226890        7
0.226894        1
0.226912        1
0.226997        7
0.227015        7
0.227017       15
0.227019        1
0.227037        2
0.227118        1
0.227123        2
0.227141        4
0.227143        1
0.227159        1
0.227161        4
0.227181        1
0.227264       28
0.227268        1
0.227284       18
0.227286        3
0.227288        2
0.227351        1
0.227390        9
0.227392        1
0.227409        5
0.227410       11
0.227412        1
0.227430        7
0.227491        3
0.227517        4
0.227533        1
0.227535        6
0.227537        7
0.227555        2
0.227661        2
0.227679        4
0.227784       24
0.227804        6
0.227806        2
0.227824        5
0.227910       10
0.227912        2
0.227929        5
0.227930        9
0.227950        1
0.227970        1
0.228011        1
0.228053        1
0.228055        3
0.228057        2
0.228073        3
0.228075        3
0.228163        1
0.228178       27
0.228181        1
0.228198       11
0.228264        1
0.228304       17
0.228306        1
0.228322        5
0.228324       14
0.228326        1
0.228344        4
0.228405        2
0.228430        8
0.228447        2
0.228449        4
0.228450        9
0.228468        5
0.228531        1
0.228557        2
0.228575        1
0.228593        1
0.228595        1
0.228698       22
0.228701        1
0.228718        7
0.228719        1
0.228824       10
0.228828        1
0.228842        5
0.228844        8
0.228846        1
0.228864        2
0.228932        1
0.228951        1
0.228969        6
0.228970        1
0.228987        2
0.228988        6
0.229055        1
0.229091       28
0.229093        2
0.229095        1
0.229111        8
0.229113        5
0.229115        2
0.229153        1
0.229218       11
0.229236        7
0.229238       12
0.229239        1
0.229257        5
0.229304        1
0.229319        2
0.229326        1
0.229344        7
0.229362        3
0.229364        3
0.229382        3
0.229445        2
0.229471        3
0.229489        1
0.229507        2
0.229508        2
0.229571        1
0.229611       25
0.229613        1
0.229631       15
0.229633        1
0.229651        5
0.229738       10
0.229756        5
0.229758        6
0.229864        2
0.229880        1
0.229882        6
0.229884        1
0.229902        3
0.229922        1
0.229970        1
0.230005       36
0.230025       12
0.230027        3
0.230131       12
0.230149        3
0.230151        9
0.230171        5
0.230232        5
0.230254        1
0.230274        2
0.230276        5
0.230278        4
0.230297        1
0.230400        2
0.230402        2
0.230412        1
0.230420        5
0.230422        3
0.230503        1
0.230525       19
0.230545        8
0.230547        4
0.230565        3
0.230651        6
0.230669        3
0.230671        4
0.230689        1
0.230691        3
0.230711        1
0.230778        1
0.230796        6
0.230798        1
0.230814        7
0.230919       16
0.230920        2
0.230922        3
0.230938        4
0.230940        3
0.231005        1
0.231045       12
0.231063        3
0.231065       11
0.231067        1
0.231085        1
0.231146        3
0.231171        5
0.231189        8
0.231191        3
0.231209        1
0.231211        3
0.231298        3
0.231314        1
0.231316        1
0.231336        2
0.231417        1
0.231439       13
0.231440        1
0.231458        7
0.231460        2
0.231462        1
0.231478        2
0.231480        1
0.231505        1
0.231565        5
0.231567        1
0.231583        6
0.231585        9
0.231603        2
0.231605        2
0.231691        3
0.231709        2
0.231711        5
0.231727        1
0.231729        2
0.231749        1
0.231832       15
0.231836        1
0.231852        8
0.231854        3
0.231874        3
0.231919        1
0.231938        1
0.231959       10
0.231977        3
0.231978        9
0.231980        2
0.231998        3
0.232059        4
0.232063        1
0.232085        3
0.232103        7
0.232105        5
0.232125        1
0.232143        1
0.232228        1
0.232229        1
0.232247        2
0.232249        3
0.232269        1
0.232352       12
0.232354        1
0.232356        1
0.232372        6
0.232392        4
0.232457        1
0.232479        7
0.232497        6
0.232498        9
0.232517        1
0.232518        1
0.232538        1
0.232587        1
0.232621        1
0.232623        6
0.232625        3
0.232641        4
0.232643        2
0.232663        1
0.232746       18
0.232748        1
0.232751        1
0.232766        4
0.232769        1
0.232872       14
0.232874        1
0.232890        2
0.232892        7
0.232912        4
0.232932        1
0.232973        3
0.232999        4
0.233015        2
0.233017        4
0.233018        4
0.233037        2
0.233125        2
0.233143        3
0.233145        3
0.233161        2
0.233163        2
0.233181        1
0.233183        1
0.233266       14
0.233269        1
0.233286        6
0.233306        4
0.233307        1
0.233392        8
0.233410        3
0.233412        6
0.233430        1
0.233432        5
0.233519        3
0.233537        3
0.233538        1
0.233555        1
0.233557        1
0.233645        1
0.233659       32
0.233663        1
0.233679        7
0.233681        2
0.233683        1
0.233768        1
0.233786       10
0.233804        1
0.233806        7
0.233808        1
0.233826        1
0.233887        2
0.233912        5
0.233928        1
0.233930        4
0.233932        5
0.233952        1
0.233970        1
0.234039        2
0.234057        2
0.234058        1
0.234075        2
0.234077        2
0.234179       16
0.234181        1
0.234183        1
0.234199        7
0.234201        1
0.234219        1
0.234221        1
0.234284        1
0.234306        6
0.234324        5
0.234326        9
0.234344        1
0.234346        2
0.234432        2
0.234448        1
0.234450        2
0.234452        1
0.234468        4
0.234470        3
0.234537        1
0.234559        1
0.234573       21
0.234575        1
0.234577        3
0.234593        7
0.234595        1
0.234615        1
0.234658        1
0.234699       10
0.234717        2
0.234719       10
0.234721        1
0.234739        2
0.234826        4
0.234844        3
0.234846        1
0.234864        3
0.234952        1
0.234988        2
0.234990        2
0.235008        1
0.235093       20
0.235095        2
0.235097        1
0.235113        4
0.235115        1
0.235133        2
0.235219        3
0.235237        5
0.235239        4
0.235259        2
0.235279        1
0.235320        3
0.235362        1
0.235364        6
0.235366        1
0.235382        4
0.235384        3
0.235487       21
0.235490        2
0.235507        9
0.235508        1
0.235510        2
0.235613       12
0.235631        3
0.235633        7
0.235635        1
0.235653        6
0.235703        1
0.235714        4
0.235739        5
0.235756        1
0.235758        2
0.235759        4
0.235777        1
0.235866        1
0.235884        3
0.235902        1
0.235904        2
0.235970        1
0.235992        1
0.236007       17
0.236027        9
0.236028        1
0.236046        3
0.236074        1
0.236111        1
0.236133        8
0.236135        1
0.236151        1
0.236153       11
0.236171        1
0.236173        5
0.236234        4
0.236259        1
0.236278        3
0.236279        3
0.236296        4
0.236297        1
0.236400       17
0.236420        7
0.236422        1
0.236424        1
0.236442        1
0.236527        5
0.236545        2
0.236547        3
0.236566        2
0.236628        2
0.236653        3
0.236671        2
0.236673        5
0.236691        1
0.236711        2
0.236796        1
0.236798        4
0.236799        1
0.236816        2
0.236898        1
0.236920       18
0.236924        1
0.236940        7
0.236942        1
0.236944        1
0.236960        5
0.236982        1
0.237007        1
0.237028        1
0.237047        4
0.237049        1
0.237065        9
0.237067        3
0.237085        1
0.237086        1
0.237148        1
0.237191        3
0.237193        2
0.237209        2
0.237211        2
0.237231        1
0.237314       26
0.237318        1
0.237334        9
0.237336        1
0.237426        1
0.237440        4
0.237442        1
0.237458        3
0.237460        8
0.237541        5
0.237567        4
0.237569        1
0.237585        4
0.237587        4
0.237693        1
0.237713        2
0.237729        1
0.237731        2
0.237819        1
0.237834       12
0.237854        6
0.237874        4
0.237958        1
0.237960        5
0.237978        3
0.237980        9
0.238000        1
0.238087        1
0.238103        1
0.238105        4
0.238107        1
0.238123        3
0.238125        1
0.238145        1
0.238213        1
0.238228       17
0.238231        2
0.238247        7
0.238249        3
0.238251        2
0.238332        1
0.238354        2
0.238356        1
0.238372        2
0.238374       10
0.238376        1
0.238394        2
0.238395        2
0.238455        6
0.238480        4
0.238482        1
0.238497        1
0.238498        7
0.238500        6
0.238518        1
0.238520        1
0.238538        1
0.238607        1
0.238623        1
0.238625        3
0.238627        1
0.238643        1
0.238645        1
0.238748       14
0.238749        1
0.238767        3
0.238769        3
0.238787        3
0.238834        1
0.238872        1
0.238874        6
0.238876        1
0.238892        3
0.238894        1
0.238896        1
0.238914        3
0.238975        1
0.238995        1
0.239000        2
0.239017        2
0.239018        3
0.239020        6
0.239036        3
0.239038        3
0.239127        1
0.239141       18
0.239145        1
0.239161        5
0.239165        1
0.239268        8
0.239286        3
0.239287        5
0.239289        2
0.239307        3
0.239368        3
0.239394        6
0.239410        2
0.239412        5
0.239414        3
0.239432        3
0.239434        3
0.239520        1
0.239556        5
0.239578        1
0.239643        1
0.239661       12
0.239665        1
0.239681        4
0.239683        2
0.239685        1
0.239701        2
0.239788        3
0.239791        1
0.239806        4
0.239807        8
0.239825        1
0.239827        2
0.239932        4
0.239934        2
0.239950        3
0.239952        1
0.239972        1
0.240055       22
0.240057        1
0.240058        2
0.240075        9
0.240076        2
0.240163        1
0.240181        7
0.240185        2
0.240199        5
0.240201        7
0.240203        2
0.240221        2
0.240282        4
0.240308        1
0.240326        2
0.240327        2
0.240345        4
0.240434        3
0.240452        2
0.240454        2
0.240470        3
0.240575        9
0.240595        6
0.240596        3
0.240615        3
0.240701        9
0.240719        2
0.240721        5
0.240822        1
0.240828        2
0.240846        3
0.240847        1
0.240864        4
0.240866        1
0.240867        1
0.240968       19
0.240972        2
0.240988        6
0.240990        2
0.240992        1
0.241073        1
0.241095        6
0.241113        5
0.241115       10
0.241196        7
0.241221        8
0.241237        1
0.241239        4
0.241241        4
0.241261        2
0.241366        5
0.241367        1
0.241384        4
0.241488        8
0.241508        3
0.241510        3
0.241512        1
0.241615        5
0.241633        5
0.241635        5
0.241655        3
0.241701        1
0.241716        1
0.241741        6
0.241757        1
0.241759        7
0.241761        3
0.241777        1
0.241779        5
0.241799        1
0.241842        1
0.241868        1
0.241882       19
0.241886        2
0.241902       10
0.241904        1
0.241924        1
0.242008        8
0.242026        2
0.242028        4
0.242048        2
0.242109        5
0.242135        2
0.242151        1
0.242153        4
0.242155        2
0.242175        1
0.242193        1
0.242236        1
0.242297        2
0.242299        1
0.242362        1
0.242402       17
0.242422        8
0.242424        2
0.242444        1
0.242463        1
0.242528        2
0.242546        2
0.242548        4
0.242566        1
0.242568        2
0.242655        2
0.242673        2
0.242675        2
0.242691        2
0.242693        1
0.242776        1
0.242796       20
0.242799        3
0.242815        8
0.242817        2
0.242922        8
0.242924        1
0.242926        1
0.242940        1
0.242942        3
0.242946        1
0.242962        4
0.243023        3
0.243048        1
0.243065        1
0.243068        3
0.243088        2
0.243175        3
0.243193        2
0.243195        2
0.243211        2
0.243213        1
0.243231        1
0.243276        1
0.243301        1
0.243316        6
0.243319        1
0.243336        5
0.243337        1
0.243442        5
0.243460        2
0.243462        4
0.243482        2
0.243568        2
0.243586        2
0.243588        1
0.243605        1
0.243606        4
0.243608        1
0.243691        1
0.243709       14
0.243715        1
0.243729        2
0.243731        1
0.243836        6
0.243854        1
0.243856        4
0.243875        2
0.243936        3
0.243944        1
0.243962        5
0.243980        3
0.243982        4
0.244002        3
0.244090        1
0.244106        5
0.244125        4
0.244126        5
0.244166        1
0.244215        1
0.244229       10
0.244249        5
0.244251        1
0.244269        1
0.244337        2
0.244356        3
0.244374        1
0.244376        3
0.244377        1
0.244394        1
0.244395        1
0.244482        4
0.244498        1
0.244500        5
0.244520        2
0.244522        1
0.244623       12
0.244626        1
0.244643        8
0.244645        1
0.244735        1
0.244749        7
0.244753        1
0.244767        4
0.244769        7
0.244771        2
0.244773        1
0.244789        1
0.244850        6
0.244856        1
0.244876        1
0.244894        1
0.244896        5
0.244915        1
0.244935        1
0.245000        1
0.245002        1
0.245018        1
0.245020        2
0.245022        2
0.245038        2
0.245040        4
0.245143       22
0.245145        1
0.245147        1
0.245163        4
0.245165        1
0.245166        1
0.245183        1
0.245269        1
0.245287        2
0.245289        5
0.245291        1
0.245307        1
0.245309        2
0.245370        1
0.245374        1
0.245377        1
0.245396        2
0.245412        1
0.245414        3
0.245416        2
0.245432        1
0.245434        4
0.245497        2
0.245522        1
0.245536       17
0.245538        1
0.245540        2
0.245556        6
0.245558        2
0.245560        2
0.245625        1
0.245663        7
0.245681        2
0.245683        4
0.245764        3
0.245789        4
0.245807        1
0.245809        4
0.245829        1
0.245890        1
0.245910        1
0.245916        2
0.245932        1
0.245934        3
0.245952        3
0.245954        1
0.245972        1
0.246056       10
0.246076        4
0.246078        2
0.246080        1
0.246096        2
0.246163        1
0.246179        1
0.246183        5
0.246201        2
0.246203        6
0.246221        1
0.246223        3
0.246284        1
0.246326        2
0.246327        2
0.246329        2
0.246345        4
0.246347        1
0.246349        2
0.246387        1
0.246436        1
0.246450       10
0.246454        1
0.246470        5
0.246576        9
0.246595        3
0.246596        5
0.246598        2
0.246616        1
0.246677        2
0.246703        4
0.246721        1
0.246723        3
0.246725        1
0.246741        2
0.246743        2
0.246807        1
0.246829        2
0.246844        1
0.246846        1
0.246847        1
0.246849        1
0.246865        2
0.246867        1
0.246869        1
0.246885        1
0.246956        1
0.246970        7
0.246974        2
0.246990        5
0.246992        4
0.247096        5
0.247115        3
0.247116        3
0.247223        1
0.247239        1
0.247241        2
0.247243        1
0.247259        4
0.247261        1
0.247281        3
0.247324        1
0.247364       12
0.247384        7
0.247385        3
0.247387        2
0.247490        9
0.247494        1
0.247508        3
0.247510        4
0.247530        2
0.247591        4
0.247617        6
0.247633        2
0.247634        1
0.247635        2
0.247636        2
0.247654        2
0.247674        1
0.247743        2
0.247761        3
0.247763        2
0.247783        1
0.247884       10
0.247887        2
0.247904        2
0.247923        1
0.248010        6
0.248028        1
0.248030        3
0.248032        2
0.248050        2
0.248111        1
0.248137        2
0.248153        1
0.248155        7
0.248173        3
0.248277       10
0.248279        1
0.248281        2
0.248283        3
0.248297        6
0.248299        2
0.248321        1
0.248404       10
0.248422        4
0.248424        5
0.248443        1
0.248490        1
0.248505        2
0.248530        1
0.248548        1
0.248550        3
0.248568        1
0.248570        2
0.248635        1
0.248657        3
0.248675        2
0.248693        1
0.248694        2
0.248713        1
0.248775        1
0.248797        7
0.248799        1
0.248817        5
0.248821        2
0.248837        1
0.248924        9
0.248942        2
0.248944        2
0.248964        2
0.249068        4
0.249070        1
0.249088        1
0.249151        1
0.249177        1
0.249191       12
0.249195        3
0.249211        6
0.249213        1
0.249214        1
0.249295        1
0.249317        5
0.249335        7
0.249337        4
0.249444        5
0.249460        1
0.249462        1
0.249464        4
0.249482        1
0.249484        1
0.249566        1
0.249570        1
0.249588        2
0.249606        3
0.249608        1
0.249711        9
0.249731        2
0.249733        1
0.249751        1
0.249754        1
0.249837        6
0.249855        1
0.249857        2
0.249877        2
0.249897        1
0.249917        1
0.249938        1
0.249964        1
0.249982        5
0.250000        2
0.250002        4
0.250068        1
0.250105       20
0.250108        3
0.250110        1
0.250124        7
0.250126        1
0.250128        2
0.250191        1
0.250217        1
0.250231        7
0.250249        1
0.250251        4
0.250253        1
0.250254        1
0.250273        1
0.250332        3
0.250357        2
0.250374        1
0.250375        5
0.250377        1
0.250415        1
0.250484        2
0.250502        2
0.250585        1
0.250625        4
0.250644        5
0.250646        1
0.250648        1
0.250664        4
0.250751        1
0.250753        1
0.250769        1
0.250771        9
0.250791        1
0.250872        1
0.250894        1
0.250895        2
0.250897        2
0.250917        2
0.251018       12
0.251038       12
0.251040        2
0.251145        5
0.251148        2
0.251163        2
0.251164        3
0.251184        4
0.251245        4
0.251271        3
0.251289        2
0.251291        2
0.251311        2
0.251372        1
0.251397        1
0.251415        1
0.251435        3
0.251538        9
0.251540        1
0.251542        1
0.251558        3
0.251562        1
0.251665        3
0.251683        2
0.251684        8
0.251704        1
0.251791        6
0.251809        1
0.251811        2
0.251827        2
0.251829        3
0.251831        1
0.251892        1
0.251932       20
0.251937        1
0.251952        3
0.251955        2
0.251975        1
0.252058        2
0.252076        2
0.252078        5
0.252098        3
0.252159        4
0.252185        5
0.252201        1
0.252203        1
0.252204        9
0.252224        1
0.252242        1
0.252244        1
0.252311        2
0.252329        2
0.252331        1
0.252347        1
0.252349        1
0.252369        1
0.252452        9
0.252455        2
0.252472        5
0.252474        1
0.252475        1
0.252492        2
0.252578        1
0.252598        3
0.252616        1
0.252618        5
0.252665        1
0.252723        1
0.252725        1
0.252741        2
0.252831        1
0.252845       11
0.252847        2
0.252849        2
0.252865        2
0.252867        1
0.252932        1
0.252972        6
0.252975        1
0.252990        1
0.252992        3
0.253012        4
0.253073        4
0.253076        1
0.253102        1
0.253116        4
0.253118        4
0.253138        1
0.253158        1
0.253225        1
0.253241        1
0.253243        1
0.253245        1
0.253263        1
0.253264        1
0.253329        1
0.253365        7
0.253369        1
0.253385        2
0.253387        1
0.253405        1
0.253492        3
0.253512        2
0.253514        1
0.253532        3
0.253618        4
0.253636        1
0.253654        4
0.253656        1
0.253759        6
0.253763        1
0.253765        1
0.253779        6
0.253781        1
0.253801        1
0.253885        7
0.253904        2
0.253905        3
0.253907        1
0.253925        3
0.253986        4
0.254012        4
0.254028        2
0.254030        5
0.254032        3
0.254050        1
0.254052        2
0.254138        1
0.254156        3
0.254158        3
0.254174        1
0.254194        1
0.254243        1
0.254279       11
0.254283        1
0.254299        8
0.254303        2
0.254321        1
0.254405        4
0.254424        3
0.254425        1
0.254427        1
0.254443        2
0.254445        3
0.254532        2
0.254550        2
0.254552        2
0.254568        7
0.254570        1
0.254572        1
0.254673        8
0.254676        1
0.254693        2
0.254698        1
0.254799       15
0.254817        4
0.254819        4
0.254823        1
0.254839        1
0.254900        1
0.254925        5
0.254944        4
0.254945        4
0.254965        2
0.255052        2
0.255068        1
0.255070        3
0.255088        2
0.255108        1
0.255193       10
0.255213        3
0.255214        1
0.255216        1
0.255236        1
0.255319        5
0.255337        1
0.255339        3
0.255359        3
0.255445        3
0.255464        1
0.255465        1
0.255482        1
0.255483        3
0.255485        2
0.255550        1
0.255586       11
0.255588        1
0.255592        1
0.255606        3
0.255608        3
0.255713        8
0.255731        4
0.255733        4
0.255752        1
0.255799        1
0.255814        3
0.255839        1
0.255857        2
0.255859        1
0.255877        2
0.255897        1
0.255899        1
0.255940        1
0.255965        2
0.256003        1
0.256106        9
0.256126        3
0.256128        2
0.256146        1
0.256233        2
0.256235        1
0.256251        2
0.256253        5
0.256272        1
0.256334        1
0.256377        1
0.256379        1
0.256395        2
0.256460        1
0.256485        1
0.256500       19
0.256502        1
0.256504        3
0.256505        1
0.256520        6
0.256522        2
0.256523        1
0.256543        1
0.256626        5
0.256630        1
0.256644        3
0.256646        4
0.256650        1
0.256666        1
0.256727        3
0.256753        5
0.256773        2
0.256792        3
0.256895        1
0.256897        1
0.256937        2
0.257020        7
0.257040        9
0.257060        2
0.257062        1
0.257146        6
0.257164        1
0.257166        1
0.257168        1
0.257273        2
0.257293        2
0.257311        1
0.257399        3
0.257414        8
0.257417        2
0.257433        6
0.257435        3
0.257437        1
0.257540        8
0.257558        2
0.257560        1
0.257562        1
0.257641        5
0.257666        2
0.257684        1
0.257686        1
0.257706        2
0.257726        1
0.257811        2
0.257829        1
0.257831        1
0.257849        1
0.257934        3
0.257953        1
0.257955        3
0.257973        1
0.257977        1
0.258024        1
0.258060        7
0.258078        6
0.258080        4
0.258100        2
0.258164        1
0.258186        5
0.258204        1
0.258224        2
0.258327       11
0.258329        1
0.258331        1
0.258347        2
0.258349        1
0.258353        1
0.258369        1
0.258454        9
0.258472        1
0.258473        2
0.258554        4
0.258580        1
0.258598        1
0.258638        1
0.258640        1
0.258681        1
0.258706        1
0.258724        1
0.258742        1
0.258744        1
0.258807        1
0.258847       10
0.258867        2
0.258869        4
0.258871        1
0.258887        2
0.258889        1
0.258974        8
0.258992        4
0.259013        3
0.259116        1
0.259118        1
0.259120        3
0.259138        2
0.259224        1
0.259241        8
0.259244        1
0.259261        1
0.259262        5
0.259264        1
0.259284        1
0.259349        1
0.259367        4
0.259385        1
0.259387        4
0.259391        1
0.259468        5
0.259494        3
0.259512        1
0.259513        3
0.259533        1
0.259551        1
0.259620        2
0.259638        1
0.259640        1
0.259658        1
0.259761       13
0.259763        2
0.259764        1
0.259781        3
0.259782        2
0.259784        1
0.259801        1
0.259802        2
0.259887        2
0.259905        1
0.259907        3
0.259927        2
0.260014        3
0.260032        5
0.260033        1
0.260052        1
0.260053        1
0.260071        2
0.260140        2
0.260154       17
0.260158        1
0.260160        1
0.260174        3
0.260176        1
0.260178        1
0.260180        1
0.260266        1
0.260281        7
0.260284        1
0.260299        2
0.260301        6
0.260321        2
0.260340        2
0.260382        2
0.260407        1
0.260423        1
0.260425        5
0.260427        1
0.260447        2
0.260534        1
0.260552        2
0.260572        1
0.260674        8
0.260676        1
0.260694        7
0.260801        2
0.260819        2
0.260821        4
0.260841        1
0.260902        1
0.260945        1
0.260965        1
0.261068        6
0.261088        5
0.261090        3
0.261092        1
0.261194        3
0.261198        1
0.261212        1
0.261214        1
0.261295        2
0.261321        2
0.261339        2
0.261343        1
0.261361        1
0.261380        1
0.261447        1
0.261465        2
0.261467        2
0.261485        3
0.261505        1
0.261588        5
0.261608        2
0.261714        3
0.261732        1
0.261734        6
0.261754        2
0.261835        1
0.261841        1
0.261844        1
0.261857        1
0.261859        1
0.261861        4
0.261881        1
0.261942        2
0.261945        1
0.261967        1
0.261982        9
0.261985        1
0.262002        1
0.262003        4
0.262094        2
0.262108        5
0.262126        3
0.262128        2
0.262130        1
0.262148        2
0.262169        1
0.262209        4
0.262213        1
0.262234        2
0.262252        2
0.262254        2
0.262361        4
0.262377        1
0.262379        1
0.262381        1
0.262397        1
0.262399        1
0.262502       10
0.262505        1
0.262522        4
0.262523        3
0.262541        2
0.262628        3
0.262632        1
0.262648        3
0.262666        1
0.262668        1
0.262729        2
0.262754        3
0.262771        1
0.262772        1
0.262791        1
0.262792        1
0.262794        1
0.262873        1
0.262895        6
0.262915        3
0.262937        1
0.263022        4
0.263040        1
0.263042        4
0.263043        2
0.263061        1
0.263122        2
0.263148        4
0.263166        2
0.263168        4
0.263274        1
0.263332        1
0.263401        1
0.263415       11
0.263435        1
0.263437        2
0.263459        1
0.263520        1
0.263542        5
0.263562        3
0.263563        1
0.263580        2
0.263581        1
0.263583        1
0.263643        1
0.263668        6
0.263684        1
0.263686        1
0.263690        1
0.263706        1
0.263708        1
0.263809        6
0.263813        2
0.263829        2
0.263832        2
0.263843        1
0.263935       10
0.263939        2
0.263941        2
0.263953        3
0.263955        3
0.263957        1
0.263975        1
0.264036        5
0.264062        2
0.264078        2
0.264080        1
0.264082        2
0.264101        1
0.264119        1
0.264188        1
0.264224        2
0.264226        1
0.264244        1
0.264329        7
0.264349        4
0.264351        1
0.264455        3
0.264473        1
0.264475        1
0.264477        1
0.264479        1
0.264495        1
0.264556        1
0.264582        4
0.264598        2
0.264600        1
0.264602        1
0.264618        2
0.264620        1
0.264621        1
0.264623        1
0.264625        1
0.264722       10
0.264742        2
0.264744        1
0.264849        4
0.264867        1
0.264869        2
0.264871        1
0.264889        2
0.264910        1
0.264950        6
0.264975        1
0.264993        2
0.264995        1
0.265015        2
0.265033        1
0.265120        2
0.265122        1
0.265138        1
0.265140        3
0.265228        2
0.265242        6
0.265262        2
0.265264        1
0.265369        4
0.265387        1
0.265389        2
0.265391        1
0.265429        1
0.265448        1
0.265495        1
0.265513        3
0.265515        1
0.265531        1
0.265535        2
0.265557        1
0.265622        2
0.265636       12
0.265656        2
0.265660        1
0.265748        1
0.265763        5
0.265781        1
0.265782        5
0.265786        1
0.265802        1
0.265863        3
0.265889        4
0.265905        1
0.265907        2
0.265927        1
0.265990        1
0.266015        2
0.266032        2
0.266033        1
0.266035        1
0.266053        1
0.266073        1
0.266142        1
0.266156        6
0.266176        1
0.266196        1
0.266283        3
0.266286        1
0.266301        3
0.266302        2
0.266308        1
0.266320        1
0.266322        1
0.266324        1
0.266405        1
0.266409        2
0.266427        1
0.266429        4
0.266449        1
0.266535        2
0.266550       12
0.266555        1
0.266570        1
0.266662        1
0.266676        3
0.266678        3
0.266694        1
0.266696        2
0.266716        1
0.266777        2
0.266803        3
0.266810        1
0.266821        2
0.266822        3
0.266824        1
0.266842        1
0.266947        2
0.266949        1
0.266965        1
0.266969        2
0.267070        5
0.267075        1
0.267090        1
0.267109        1
0.267111        1
0.267113        1
0.267131        1
0.267196        3
0.267216        4
0.267236        2
0.267342        3
0.267360        1
0.267449        2
0.267463        6
0.267469        1
0.267483        6
0.267485        1
0.267570        1
0.267590        3
0.267608        1
0.267610        2
0.267691        2
0.267716        3
0.267720        1
0.267734        3
0.267736        3
0.267756        4
0.267803        1
0.267859        1
0.267861        2
0.267862        3
0.267879        1
0.267880        1
0.267983        8
0.267987        2
0.268003        3
0.268005        2
0.268007        1
0.268023        2
0.268110        3
0.268128        1
0.268130        1
0.268150        1
0.268236        2
0.268254        1
0.268256        2
0.268276        1
0.268294        1
0.268363        2
0.268377        6
0.268381        2
0.268503        7
0.268523        4
0.268525        2
0.268543        2
0.268604        3
0.268626        1
0.268630        4
0.268646        1
0.268648        1
0.268650        3
0.268670        1
0.268671        1
0.268774        1
0.268794        1
0.268814        1
0.268857        1
0.268897        9
0.268899        1
0.268901        1
0.268917        1
0.268921        1
0.268937        1
0.268939        1
0.268940        1
0.269023        1
0.269041        3
0.269043        4
0.269045        1
0.269063        1
0.269150        1
0.269170        2
0.269190        1
0.269251        1
0.269276        1
0.269291        5
0.269310        5
0.269312        2
0.269403        3
0.269417        2
0.269435        1
0.269437        6
0.269441        1
0.269518        1
0.269543        4
0.269545        1
0.269563        1
0.269581        1
0.269583        2
0.269630        2
0.269635        1
0.269644        1
0.269688        1
0.269690        1
0.269811        4
0.269814        1
0.269830        3
0.269832        2
0.269834        1
0.269854        1
0.269937        4
0.269939        1
0.269957        2
0.269959        1
0.269977        3
0.270063        1
0.270080        1
0.270081        1
0.270100        4
0.270190        1
0.270204        8
0.270208        1
0.270224        2
0.270246        1
0.270267        1
0.270331        4
0.270350        2
0.270354        2
0.270370        1
0.270431        1
0.270457        2
0.270475        1
0.270477        3
0.270495        1
0.270497        1
0.270583        1
0.270583        1
0.270620        1
0.270623        2
0.270710        1
0.270724        4
0.270728        1
0.270744        7
0.270746        1
0.270750        1
0.270764        2
0.270832        1
0.270851        1
0.270852        1
0.270869        2
0.270870        2
0.270890        1
0.270977        2
0.270995        2
0.271013        1
0.271015        2
0.271017        1
0.271103        1
0.271118        2
0.271123        1
0.271140        2
0.271230        1
0.271244        4
0.271246        1
0.271248        1
0.271264        1
0.271284        1
0.271345        1
0.271371        2
0.271389        1
0.271391        1
0.271410        3
0.271515        3
0.271533        1
0.271638        7
0.271640        1
0.271658        2
0.271660        2
0.271678        1
0.271724        1
0.271764       10
0.271782        1
0.271784        2
0.271802        1
0.271804        1
0.271824        1
0.271909        4
0.271911        1
0.271927        1
0.271991        1
0.272031        8
0.272033        1
0.272037        1
0.272051        4
0.272053        2
0.272055        1
0.272093        1
0.272136        2
0.272158        1
0.272158        1
0.272178        2
0.272181        2
0.272259        4
0.272284        2
0.272302        1
0.272306        1
0.272324        1
0.272326        1
0.272411        3
0.272449        1
0.272537        1
0.272551        6
0.272557        1
0.272575        1
0.272678        4
0.272696        1
0.272698        3
0.272718        3
0.272737        2
0.272779        1
0.272824        2
0.272842        1
0.272945        7
0.272949        1
0.272951        1
0.272965        2
0.273071        9
0.273073        2
0.273090        1
0.273091        2
0.273111        1
0.273115        1
0.273172        4
0.273198        4
0.273216        1
0.273218        3
0.273238        2
0.273319        1
0.273324        1
0.273342        1
0.273344        3
0.273362        1
0.273364        1
0.273384        1
0.273465        3
0.273467        1
0.273471        1
0.273485        1
0.273487        1
0.273489        1
0.273591        3
0.273609        1
0.273610        3
0.273611        4
0.273613        2
0.273631        2
0.273635        1
0.273651        1
0.273718        1
0.273756        2
0.273758        1
0.273844        1
0.273859        6
0.273879        1
0.273880        2
0.273882        1
0.273985        3
0.273989        2
0.274003        3
0.274005        1
0.274086        2
0.274111        2
0.274130        1
0.274131        1
0.274169        1
0.274198        1
0.274256        3
0.274258        1
0.274274        2
0.274278        1
0.274296        1
0.274339        1
0.274379        1
0.274384        1
0.274505        3
0.274523        1
0.274543        1
0.274545        2
0.274565        2
0.274606        1
0.274631        1
0.274669        1
0.274671        1
0.274689        1
0.274704        1
0.274758        1
0.274772        6
0.274792        1
0.274794        2
0.274877        1
0.274899        4
0.274902        1
0.274917        1
0.274919        3
0.274922        3
0.275000        3
0.275025        3
0.275043        2
0.275045        2
0.275063        1
0.275085        1
0.275152        1
0.275170        1
0.275171        1
0.275188        1
0.275189        2
0.275292        4
0.275296        1
0.275312        1
0.275314        2
0.275419        2
0.275421        1
0.275437        3
0.275439        1
0.275440        1
0.275442        1
0.275458        2
0.275563        1
0.275567        1
0.275581        2
0.275672        1
0.275686        7
0.275690        1
0.275706        3
0.275731        1
0.275812        3
0.275832        2
0.275913        1
0.275939        2
0.275957        1
0.275959        1
0.275977        1
0.276061        1
0.276085        1
0.276101        2
0.276103        1
0.276105        1
0.276123        1
0.276184        1
0.276206        5
0.276210        1
0.276226        1
0.276231        1
0.276332        3
0.276350        2
0.276352        1
0.276370        1
0.276372        1
0.276459        3
0.276477        2
0.276479        1
0.276495        3
0.276500        1
0.276585        1
0.276600        6
0.276601        1
0.276603        1
0.276619        4
0.276621        1
0.276643        1
0.276702        1
0.276726        8
0.276730        1
0.276744        3
0.276748        2
0.276749        1
0.276827        2
0.276838        1
0.276852        1
0.276870        2
0.276872        2
0.276876        1
0.276892        1
0.276912        2
0.276997        1
0.276999        1
0.277120        7
0.277125        1
0.277141        1
0.277246        2
0.277347        1
0.277372        1
0.277390        1
0.277392        4
0.277513        4
0.277517        1
0.277535        1
0.277576        1
0.277640        3
0.277643        1
0.277658        3
0.277659        4
0.277661        1
0.277679        1
0.277740        6
0.277766        3
0.277770        1
0.277788        1
0.277808        1
0.277878        1
0.277892        1
0.277910        1
0.278019        1
0.278033        5
0.278053        2
0.278073        1
0.278181        1
0.278286        1
0.278306        1
0.278326        2
0.278344        1
0.278427        6
0.278430        1
0.278447        2
0.278470        1
0.278539        1
0.278553        3
0.278557        1
0.278571        3
0.278575        1
0.278593        1
0.278679        1
0.278680        2
0.278699        1
0.278701        1
0.278718        1
0.278719        1
0.278737        1
0.278780        2
0.278806        1
0.278824        1
0.278947        4
0.278967        2
0.278988        1
0.279075        1
0.279077        1
0.279091        1
0.279093        1
0.279095        1
0.279113        1
0.279200        1
0.279236        3
0.279239        2
0.279340        5
0.279344        2
0.279346        1
0.279360        2
0.279364        1
0.279452        1
0.279467        2
0.279490        1
0.279507        3
0.279508        1
0.279568        5
0.279593        2
0.279613        2
0.279633        1
0.279635        1
0.279651        1
0.279720        2
0.279738        2
0.279758        1
0.279776        1
0.279777        1
0.279846        2
0.279860        3
0.279864        2
0.279880        1
0.279884        1
0.279987        3
0.280005        1
0.280027        2
0.280028        1
0.280107        1
0.280131        2
0.280149        2
0.280153        1
0.280240        1
0.280254        8
0.280258        1
0.280259        1
0.280274        3
0.280276        1
0.280380        7
0.280384        1
0.280400        1
0.280404        1
0.280420        1
0.280481        2
0.280529        1
0.280545        1
0.280629        1
0.280649        1
0.280774        5
0.280814        1
0.280860        1
0.280900        2
0.280920        1
0.280922        1
0.280940        1
0.281027        1
0.281045        2
0.281049        1
0.281065        1
0.281146        1
0.281168        8
0.281188        1
0.281280        1
0.281294        5
0.281298        1
0.281314        3
0.281334        1
0.281336        2
0.281395        2
0.281420        1
0.281480        1
0.281521        1
0.281541        1
0.281565        3
0.281567        1
0.281569        1
0.281583        1
0.281587        1
0.281648        1
0.281688        6
0.281693        1
0.281708        2
0.281818        1
0.281834        2
0.281852        1
0.281940        1
0.281959        2
0.281960        1
0.281977        1
0.281980        2
0.282045        1
0.282059        1
0.282081        3
0.282103        1
0.282107        1
0.282208        2
0.282211        1
0.282213        1
0.282228        3
0.282247        1
0.282309        3
0.282374        1
0.282394        1
0.282460        2
0.282482        1
0.282498        2
0.282587        1
0.282601        6
0.282621        1
0.282623        1
0.282625        1
0.282641        1
0.282713        1
0.282728        4
0.282748        2
0.282751        1
0.282766        1
0.282839        1
0.282840        1
0.282854        1
0.282858        1
0.282870        1
0.282872        1
0.282874        3
0.282892        1
0.282894        1
0.282941        1
0.282980        1
0.282995        2
0.282999        2
0.283015        2
0.283020        1
0.283036        1
0.283081        4
0.283121        4
0.283139        2
0.283141        2
0.283143        1
0.283165        1
0.283248        1
0.283250        1
0.283268        2
0.283374        1
0.283392        1
0.283414        1
0.283502        1
0.283515        3
0.283520        2
0.283535        3
0.283641        4
0.283659        3
0.283663        1
0.283768        1
0.283788        1
0.283789        1
0.283804        2
0.283869        1
0.283908        2
0.283912        1
0.283914        1
0.283932        1
0.283952        1
0.284035        5
0.284037        1
0.284055        2
0.284136        4
0.284161        3
0.284179        1
0.284201        1
0.284288        1
0.284306        4
0.284324        2
0.284429        3
0.284434        1
0.284448        1
0.284472        2
0.284555        5
0.284573        2
0.284575        1
0.284577        1
0.284593        1
0.284595        2
0.284681        2
0.284699        2
0.284701        3
0.284703        1
0.284717        1
0.284721        2
0.284822        9
0.284842        1
0.284844        1
0.284949        5
0.284968        3
0.284988        1
0.284990        1
0.285049        1
0.285075        3
0.285091        1
0.285095        1
0.285113        1
0.285115        1
0.285176        1
0.285201        1
0.285219        2
0.285237        1
0.285328        1
0.285342        1
0.285362        1
0.285366        1
0.285382        1
0.285384        1
0.285469        5
0.285487        1
0.285488        1
0.285508        2
0.285595        1
0.285613        1
0.285631        1
0.285633        1
0.285696        1
0.285736        4
0.285739        1
0.285756        1
0.285757        1
0.285777        1
0.285862        4
0.285866        1
0.285880        2
0.285949        1
0.285963        3
0.285989        2
0.285992        1
0.286007        3
0.286008        1
0.286028        2
0.286135        1
0.286155        2
0.286256        3
0.286382        1
0.286386        1
0.286400        1
0.286422        1
0.286483        1
0.286509        5
0.286525        1
0.286528        1
0.286546        3
0.286548        2
0.286649        5
0.286653        1
0.286655        1
0.286669        3
0.286675        1
0.286776        3
0.286778        1
0.286794        1
0.286816        2
0.286817        1
0.286902        1
0.286920        1
0.286922        4
0.286942        1
0.287029        1
0.287032        1
0.287048        1
0.287065        1
0.287066        1
0.287169        3
0.287175        1
0.287191        1
0.287281        1
0.287292        1
0.287296        1
0.287314        1
0.287316        2
0.287317        1
0.287422        1
0.287460        1
0.287541        1
0.287549        1
0.287563        5
0.287583        4
0.287649        1
0.287689        3
0.287691        1
0.287707        2
0.287709        1
0.287729        1
0.287790        3
0.287798        1
0.287816        2
0.287834        1
0.287836        3
0.287917        1
0.287978        1
0.287980        1
0.288083        3
0.288103        1
0.288105        1
0.288107        1
0.288125        2
0.288169        1
0.288195        1
0.288227        1
0.288249        1
0.288253        1
0.288336        2
0.288356        1
0.288372        2
0.288374        2
0.288455        1
0.288462        1
0.288477        1
0.288482        1
0.288496        2
0.288498        1
0.288500        1
0.288607        1
0.288608        1
0.288623        2
0.288704        2
0.288729        3
0.288733        1
0.288747        1
0.288767        1
0.288789        1
0.288856        1
0.288892        1
0.288957        1
0.288982        1
0.288997        2
0.289002        1
0.289020        1
0.289123        4
0.289141        1
0.289143        1
0.289145        1
0.289163        1
0.289165        1
0.289249        1
0.289249        2
0.289267        1
0.289269        1
0.289289        2
0.289356        1
0.289376        1
0.289379        1
0.289390        5
0.289410        3
0.289412        1
0.289517        5
0.289538        1
0.289617        5
0.289661        1
0.289663        1
0.289744        1
0.289809        1
0.289888        1
0.289896        1
0.289910        1
0.289914        1
0.289930        1
0.289950        1
0.289954        1
0.290037        4
0.290055        1
0.290057        2
0.290060        1
0.290076        1
0.290163        2
0.290181        1
0.290183        1
0.290221        1
0.290304        6
0.290307        3
0.290324        2
0.290347        1
0.290430        5
0.290450        1
0.290470        1
0.290531        2
0.290557        1
0.290575        1
0.290577        2
0.290719        1
0.290784        1
0.290809        1
0.290824        3
0.290826        1
0.290844        1
0.290950        4
0.290968        1
0.290970        1
0.291057        1
0.291077        1
0.291095        2
0.291115        1
0.291217        6
0.291221        1
0.291239        1
0.291344        2
0.291362        2
0.291384        2
0.291387        1
0.291445        5
0.291470        1
0.291528        1
0.291597        2
0.291635        1
0.291636        1
0.291654        1
0.291737        1
0.291741        1
0.291757        2
0.291759        1
0.291763        1
0.291864        3
0.291882        1
0.291884        1
0.291924        1
0.291965        1
0.291990        1
0.292007        2
0.292008        1
0.292010        1
0.292030        1
0.292131        6
0.292137        3
0.292155        1
0.292257        1
0.292276        2
0.292277        2
0.292404        1
0.292422        1
0.292510        1
0.292528        1
0.292611        1
0.292651        1
0.292651        4
0.292671        2
0.292777        3
0.292796        1
0.292797        1
0.292878        1
0.292904        1
0.292924        1
0.292942        1
0.293045        4
0.293050        1
0.293052        1
0.293065        1
0.293066        1
0.293070        1
0.293189        1
0.293191        1
0.293211        1
0.293215        1
0.293272        2
0.293297        2
0.293316        1
0.293337        1
0.293359        2
0.293442        1
0.293464        1
0.293550        1
0.293565        3
0.293586        1
0.293604        1
0.293608        1
0.293691        2
0.293697        1
0.293711        1
0.293731        1
0.293753        1
0.293818        1
0.293836        2
0.293920        1
0.293944        1
0.293958        5
0.293960        1
0.293978        4
0.294070        1
0.294085        1
0.294103        1
0.294106        1
0.294186        2
0.294211        1
0.294251        1
0.294356        1
0.294375        1
0.294395        1
0.294464        1
0.294478        2
0.294500        2
0.294605        2
0.294623        3
0.294644        1
0.294691        1
0.294731        1
0.294733        1
0.294749        1
0.294767        2
0.294872        4
0.294876        1
0.294892        1
0.294894        2
0.294984        1
0.295016        2
0.295020        3
0.295038        1
0.295040        1
0.295099        3
0.295125        1
0.295143        1
0.295145        1
0.295165        1
0.295269        1
0.295287        1
0.295291        1
0.295352        1
0.295392        2
0.295396        1
0.295412        3
0.295432        2
0.295435        1
0.295496        1
0.295518        2
0.295536        3
0.295538        1
0.295645        1
0.295648        1
0.295663        1
0.295665        1
0.295685        1
0.295686        1
0.295771        2
0.295786        7
0.295787        1
0.295789        2
0.295847        1
0.295894        1
0.295912        3
0.295916        2
0.295930        1
0.295932        1
0.295954        1
0.296013        2
0.296044        1
0.296058        2
0.296076        1
0.296306        3
0.296345        1
0.296351        1
0.296432        1
0.296450        2
0.296452        1
0.296511        2
0.296533        1
0.296535        1
0.296558        2
0.296576        1
0.296594        1
0.296685        1
0.296699        9
0.296703        1
0.296719        1
0.296721        2
0.296723        1
0.296811        1
0.296826        4
0.296829        1
0.296844        2
0.296845        2
0.296851        1
0.296926        4
0.296952        1
0.296972        2
0.297096        1
0.297114        1
0.297116        1
0.297138        1
0.297201        1
0.297219        5
0.297221        2
0.297223        2
0.297239        1
0.297245        1
0.297324        1
0.297346        1
0.297351        1
0.297364        1
0.297365        1
0.297384        1
0.297472        1
0.297476        1
0.297512        1
0.297598        1
0.297613        7
0.297615        2
0.297676        1
0.297739        5
0.297757        1
0.297761        1
0.297840        4
0.297882        1
0.297885        1
0.297905        1
0.297925        1
0.297947        1
0.297992        1
0.298010        1
0.298012        1
0.298030        1
0.298133        4
0.298136        1
0.298153        2
0.298176        1
0.298178        1
0.298259        3
0.298277        1
0.298279        2
0.298297        1
0.298299        1
0.298371        1
0.298404        2
0.298405        2
0.298425        1
0.298443        1
0.298526        3
0.298548        2
0.298653        2
0.298658        1
0.298671        1
0.298673        1
0.298696        1
0.298754        2
0.298779        4
0.298785        1
0.298797        3
0.298799        1
0.298817        1
0.298837        1
0.298909        1
0.298925        1
0.298942        1
0.298945        1
0.298947        1
0.298963        1
0.299046        1
0.299070        1
0.299086        1
0.299088        1
0.299173        1
0.299193        1
0.299213        1
0.299252        1
0.299299        3
0.299319        1
0.299400        1
0.299440        4
0.299460        1
0.299462        2
0.299566        2
0.299570        1
0.299667        2
0.299693        2
0.299713        1
0.299823        1
0.299946        1
0.299960        1
0.299966        1
0.299984        1
0.300086        2
0.300105        1
0.300126        1
0.300213        1
0.300229        1
0.300231        1
0.300233        1
0.300235        1
0.300354        3
0.300359        1
0.300374        4
0.300375        1
0.300465        1
0.300466        1
0.300480        1
0.300484        1
0.300523        1
0.300581        1
0.300606        2
0.300612        1
0.300623        1
0.300625        2
0.300626        1
0.300751        1
0.300753        2
0.300874        2
0.300877        1
0.301000        4
0.301006        1
0.301020        1
0.301101        1
0.301126        3
0.301145        1
0.301227        1
0.301253        1
0.301267        6
0.301273        1
0.301287        1
0.301289        1
0.301293        1
0.301309        1
0.301394        3
0.301412        3
0.301437        2
0.301495        1
0.301520        2
0.301524        1
0.301526        1
0.301646        1
0.301665        1
0.301684        1
0.301773        1
0.301787        3
0.301791        1
0.301793        1
0.301809        1
0.301914        1
0.301932        3
0.301935        1
0.302004        1
0.302040        2
0.302076        1
0.302120        1
0.302181        3
0.302201        3
0.302204        1
0.302224        1
0.302289        1
0.302307        6
0.302313        1
0.302347        1
0.302434        1
0.302473        1
0.302600        1
0.302616        1
0.302629        1
0.302683        1
0.302701        5
0.302721        1
0.302726        1
0.302741        1
0.302742        1
0.302845        3
0.302847        1
0.302928        1
0.302972        1
0.302975        1
0.302995        1
0.303095        7
0.303118        1
0.303140        1
0.303207        1
0.303221        2
0.303241        1
0.303246        1
0.303325        1
0.303347        3
0.303349        1
0.303367        1
0.303387        1
0.303407        1
0.303477        1
0.303494        1
0.303510        3
0.303532        2
0.303634        2
0.303638        1
0.303759        2
0.303761        3
0.303867        1
0.303925        1
0.304008        3
0.304012        2
0.304135        4
0.304153        1
0.304176        1
0.304178        1
0.304235        1
0.304239        1
0.304261        1
0.304261        1
0.304265        1
0.304277        1
0.304279        2
0.304405        4
0.304407        1
0.304409        1
0.304423        1
0.304514        1
0.304528        2
0.304530        1
0.304532        1
0.304548        1
0.304655        2
0.304673        1
0.304692        1
0.304821        2
0.304882        1
0.304907        2
0.304922       10
0.304945        1
0.304985        1
0.305048        2
0.305068        1
0.305074        1
0.305088        1
0.305092        1
0.305135        1
0.305149        1
0.305175        2
0.305191        1
0.305194        1
0.305196        1
0.305427        2
0.305442        4
0.305445        1
0.305462        2
0.305463        1
0.305487        1
0.305568        1
0.305695        3
0.305713        1
0.305714        1
0.305733        1
0.305821        1
0.305835        5
0.305839        1
0.305855        1
0.305859        1
0.305879        1
0.305899        1
0.305940        1
0.305962        2
0.305983        1
0.306002        1
0.306063        4
0.306074        1
0.306088        2
0.306106        2
0.306189        1
0.306233        1
0.306355        4
0.306359        1
0.306375        1
0.306381        1
0.306395        2
0.306460        1
0.306467        1
0.306482        2
0.306485        1
0.306502        2
0.306608        1
0.306624        1
0.306626        2
0.306644        1
0.306646        1
0.306749        3
0.306753        1
0.306769        2
0.306771        1
0.306774        1
0.306875        1
0.306893        1
0.306895        1
0.306897        1
0.306976        5
0.306987        1
0.307002        2
0.307004        1
0.307020        1
0.307024        2
0.307042        1
0.307146        1
0.307166        1
0.307168        2
0.307269        1
0.307273        1
0.307309        1
0.307395        1
0.307399        1
0.307415        1
0.307437        1
0.307500        1
0.307558        1
0.307663        5
0.307789        2
0.307791        1
0.307807        2
0.307809        1
0.307890        1
0.307915        4
0.307935        3
0.307953        1
0.308042        2
0.308078        1
0.308183        4
0.308203        1
0.308204        2
0.308309        4
0.308327        1
0.308329        1
0.308351        1
0.308554        1
0.308576        4
0.308596        2
0.308602        1
0.308703        3
0.308723        1
0.308803        3
0.308829        2
0.308847        1
0.308992        1
0.308995        1
0.309013        1
0.309082        1
0.309096        2
0.309228        1
0.309241        1
0.309262        1
0.309295        1
0.309323        2
0.309349        1
0.309367        1
0.309387        1
0.309389        1
0.309490        2
0.309531        1
0.309616        2
0.309634        2
0.309717        1
0.309743        1
0.309761        1
0.309889        1
0.309907        1
0.310010        4
0.310030        2
0.310050        1
0.310091        1
0.310136        2
0.310176        2
0.310263        1
0.310281        1
0.310283        1
0.310299        2
0.310349        1
0.310393        1
0.310407        1
0.310423        1
0.310530        1
0.310534        1
0.310548        1
0.310555        1
0.310570        1
0.310631        4
0.310656        1
0.310674        1
0.310676        1
0.310694        1
0.310819        1
0.310822        1
0.310862        1
0.310923        3
0.310929        2
0.310943        1
0.310947        1
0.311050        1
0.311068        1
0.311070        1
0.311072        1
0.311176        2
0.311182        1
0.311317        2
0.311321        1
0.311361        1
0.311443        1
0.311445        2
0.311465        1
0.311469        1
0.311544        1
0.311570        1
0.311588        2
0.311592        1
0.311671        1
0.311696        1
0.311713        1
0.311716        1
0.311732        1
0.311823        1
0.311837        4
0.311861        1
0.311881        1
0.311949        1
0.311964        3
0.311982        1
0.312003        1
0.312005        1
0.312064        1
0.312090        1
0.312110        1
0.312151        1
0.312216        1
0.312274        1
0.312357        2
0.312375        1
0.312397        2
0.312458        1
0.312612        1
0.312626        1
0.312628        1
0.312670        1
0.312753        1
0.312756        1
0.312863        1
0.312877        1
0.312895        1
0.312897        1
0.313004        2
0.313020        1
0.313130        1
0.313144        4
0.313146        1
0.313164        1
0.313276        1
0.313289        1
0.313372        2
0.313437        1
0.313524        1
0.313543        1
0.313547        1
0.313560        1
0.313664        5
0.313668        1
0.313684        1
0.313708        1
0.313791        1
0.313809        1
0.313955        1
0.313975        1
0.314018        1
0.314058        5
0.314080        1
0.314099        1
0.314101        1
0.314162        1
0.314184        3
0.314204        1
0.314285        4
0.314459        1
0.314578        3
0.314601        1
0.314641        1
0.314704        2
0.314726        1
0.314744        1
0.314851        2
0.314957        2
0.314972        3
0.314991        1
0.315098        1
0.315100        1
0.315103        1
0.315118        1
0.315120        1
0.315199        1
0.315242        1
0.315369        2
0.315389        1
0.315492        6
0.315495        1
0.315497        1
0.315511        3
0.315531        1
0.315618        1
0.315640        1
0.315744        1
0.315746        1
0.315764        1
0.315885        7
0.315887        1
0.315889        2
0.315905        1
0.316012        2
0.316030        2
0.316112        1
0.316138        1
0.316160        1
0.316163        1
0.316250        1
0.316281        1
0.316405        3
0.316409        1
0.316411        1
0.316425        1
0.316427        1
0.316468        1
0.316535        1
0.316551        1
0.316644        1
0.316676        1
0.316678        1
0.316759        1
0.316799        2
0.316819        2
0.316822        1
0.316864        1
0.316911        1
0.316925        2
0.316945        1
0.316947        1
0.317026        5
0.317037        1
0.317052        3
0.317055        1
0.317071        2
0.317090        1
0.317164        1
0.317178        1
0.317304        1
0.317319        4
0.317322        1
0.317339        1
0.317423        1
0.317445        2
0.317485        1
0.317572        1
0.317611        1
0.317698        2
0.317712        1
0.317799        1
0.317839        1
0.317842        1
0.317844        1
0.317857        1
0.317879        2
0.317943        1
0.317965        1
0.317969        2
0.317983        1
0.318047        1
0.318092        1
0.318218        2
0.318232        2
0.318252        2
0.318344        1
0.318377        1
0.318379        1
0.318399        1
0.318501        1
0.318612        1
0.318626        1
0.318630        1
0.318632        1
0.318646        3
0.318650        1
0.318669        2
0.318752        4
0.318771        2
0.318879        1
0.318899        1
0.318917        1
0.318919        1
0.318940        1
0.319005        1
0.319021        1
0.319025        1
0.319146        1
0.319166        1
0.319213        1
0.319272        1
0.319291        1
0.319312        1
0.319403        1
0.319417        1
0.319435        1
0.319437        1
0.319525        1
0.319540        7
0.319565        1
0.319666        3
0.319670        1
0.319672        1
0.319688        1
0.319691        1
0.319767        1
0.319796        1
0.319812        1
0.319814        1
0.319816        1
0.319919        1
0.319937        1
0.319955        1
0.319959        1
0.319977        1
0.320060        1
0.320065        1
0.320186        3
0.320188        1
0.320204        1
0.320206        1
0.320332        1
0.320349        2
0.320439        2
0.320453        2
0.320457        1
0.320473        1
0.320580        3
0.320582        1
0.320583        1
0.320585        1
0.320600        2
0.320621        1
0.320681        3
0.320706        2
0.320724        2
0.320726        1
0.320869        1
0.320973        3
0.321013        1
0.321100        1
0.321120        1
0.321121        1
0.321138        1
0.321226        1
0.321367        1
0.321367        2
0.321369        1
0.321371        1
0.321387        1
0.321390        1
0.321493        2
0.321513        1
0.321594        2
0.321640        1
0.321659        1
0.321678        1
0.321746        1
0.321887        1
0.321892        1
0.322013        4
0.322019        1
0.322085        1
0.322140        3
0.322262        1
0.322281        6
0.322300        4
0.322324        1
0.322407        5
0.322427        2
0.322452        1
0.322508        1
0.322577        1
0.322801        2
0.322913        1
0.322927        1
0.322952        1
0.322967        1
0.323075        1
0.323089        1
0.323093        1
0.323180        1
0.323194        4
0.323214        1
0.323218        1
0.323292        1
0.323321        2
0.323324        1
0.323421        2
0.323447        2
0.323469        1
0.323591        1
0.323593        1
0.323714        5
0.323736        1
0.323826        1
0.323841        1
0.323879        1
0.323884        1
0.323967        1
0.323987        1
0.324108        2
0.324129        1
0.324151        1
0.324234        1
0.324252        1
0.324254        1
0.324258        1
0.324335        3
0.324361        2
0.324523        1
0.324588        1
0.324754        1
0.324760        1
0.324772        1
0.324792        1
0.324794        1
0.324866        1
0.325007        1
0.325021        2
0.325025        1
0.325041        2
0.325151        1
0.325274        1
0.325290        1
0.325292        1
0.325314        1
0.325440        1
0.325527        1
0.325541        1
0.325563        1
0.325585        1
0.325644        1
0.325653        1
0.325668        1
0.325708        1
0.325794        1
0.325830        1
0.325834        2
0.326061        1
0.326101        1
0.326162        2
0.326188        1
0.326206        1
0.326289        1
0.326441        1
0.326455        3
0.326475        1
0.326581        3
0.326601        1
0.326728        1
0.326767        1
0.326849        2
0.326869        1
0.326975        1
0.326993        1
0.326995        1
0.326997        1
0.327000        1
0.327101        3
0.327119        1
0.327141        1
0.327145        1
0.327206        1
0.327228        1
0.327244        1
0.327347        1
0.327354        1
0.327369        3
0.327372        2
0.327389        1
0.327499        1
0.327748        1
0.327762        2
0.327784        1
0.327867        1
0.327889        3
0.327928        1
0.327990        1
0.328021        1
0.328031        1
0.328145        1
0.328160        2
0.328354        1
0.328434        1
0.328448        1
0.328557        1
0.328676        5
0.328701        1
0.328802        2
0.328806        1
0.328844        1
0.328903        2
0.328947        1
0.329041        1
0.329057        1
0.329181        1
0.329196        1
0.329237        1
0.329322        1
0.329362        1
0.329449        1
0.329451        1
0.329469        1
0.329575        1
0.329589        3
0.329591        1
0.329593        2
0.329611        1
0.329716        3
0.329734        1
0.329736        3
0.329846        1
0.329860        1
0.329868        1
0.329882        2
0.329922        1
0.330027        1
0.330109        1
0.330129        1
0.330131        2
0.330236        1
0.330348        1
0.330362        1
0.330422        1
0.330503        1
0.330525        1
0.330630        4
0.330648        1
0.330649        1
0.330730        2
0.330761        1
0.330776        2
0.330882        1
0.331023        2
0.331043        1
0.331045        1
0.331150        1
0.331169        1
0.331175        1
0.331250        1
0.331276        1
0.331336        1
0.331402        1
0.331417        2
0.331420        1
0.331543        2
0.331547        1
0.331565        1
0.331568        1
0.331644        2
0.331669        1
0.331670        1
0.331686        1
0.331691        1
0.331854        1
0.331937        2
0.331940        1
0.331957        1
0.331977        1
0.331980        1
0.332049        1
0.332063        2
0.332190        2
0.332226        1
0.332330        3
0.332420        1
0.332558        3
0.332583        1
0.332628        1
0.332767        1
0.332836        2
0.332850        1
0.332854        1
0.332872        1
0.333103        1
0.333123        1
0.333143        1
0.333244        3
0.333370        1
0.333471        4
0.333497        4
0.333641        1
0.333643        1
0.333703        1
0.333750        1
0.333764        2
0.333771        1
0.333788        1
0.333890        1
0.333930        1
0.333991        2
0.334038        1
0.334158        3
0.334177        1
0.334183        1
0.334203        1
0.334223        1
0.334284        1
0.334286        1
0.334304        1
0.334306        1
0.334385        1
0.334410        1
0.334450        1
0.334490        1
0.334537        1
0.334555        1
0.334678        2
0.334697        2
0.334717        1
0.334804        2
0.334826        1
0.334988        1
0.335071        3
0.335091        2
0.335093        1
0.335201        1
0.335239        1
0.335324        1
0.335342        2
0.335487        1
0.335490        1
0.335550        1
0.335577        1
0.335591        3
0.335595        1
0.335597        1
0.335611        1
0.335613        1
0.335779        1
0.335844        1
0.335985        1
0.336005        1
0.336131        1
0.336212        2
0.336238        1
0.336243        1
0.336297        1
0.336338        1
0.336420        1
0.336505        2
0.336545        1
0.336649        1
0.336711        1
0.336758        1
0.336898        2
0.336924        1
0.337025        2
0.337126        3
0.337169        1
0.337191        1
0.337211        1
0.337278        1
0.337335        1
0.337418        2
0.337440        1
0.337502        1
0.337523        1
0.337565        1
0.337646        1
0.337693        1
0.337812        1
0.337832        1
0.337834        1
0.337836        1
0.337899        1
0.337938        1
0.337942        1
0.337958        1
0.338039        2
0.338208        1
0.338231        1
0.338314        1
0.338332        2
0.338338        1
0.338352        2
0.338372        1
0.338444        2
0.338458        1
0.338496        1
0.338559        1
0.338563        1
0.338726        4
0.338747        1
0.338771        1
0.338852        1
0.338957        1
0.338978        1
0.338982        1
0.338997        1
0.338998        1
0.339145        2
0.339246        3
0.339372        2
0.339390        1
0.339392        1
0.339394        1
0.339498        2
0.339524        1
0.339617        1
0.339621        1
0.339639        2
0.339645        1
0.339659        2
0.339751        1
0.339766        2
0.339784        1
0.339807        1
0.339867        2
0.339892        1
0.339912        1
0.339932        1
0.340015        1
0.340022        1
0.340038        1
0.340042        1
0.340159        1
0.340199        1
0.340271        1
0.340286        1
0.340286        3
0.340311        1
0.340412        1
0.340437        1
0.340448        1
0.340454        1
0.340539        1
0.340540        1
0.340553        1
0.340573        1
0.340679        2
0.340683        1
0.340697        2
0.340699        1
0.340723        1
0.340780        3
0.340824        1
0.340827        1
0.340932        1
0.340932        1
0.341073        1
0.341078        1
0.341095        1
0.341199        1
0.341217        1
0.341366        1
0.341452        1
0.341467        2
0.341490        1
0.341492        1
0.341593        3
0.341597        1
0.341613        1
0.341694        1
0.341759        1
0.341846        1
0.341865        1
0.342008        1
0.342099        1
0.342117        1
0.342131        1
0.342239        2
0.342279        1
0.342340        1
0.342366        1
0.342380        5
0.342422        1
0.342445        1
0.342607        2
0.342653        1
0.342671        1
0.342759        2
0.342777        1
0.342799        1
0.342900        1
0.343027        1
0.343050        1
0.343153        1
0.343173        2
0.343175        1
0.343211        1
0.343294        5
0.343299        1
0.343420        1
0.343426        1
0.343442        1
0.343521        2
0.343585        1
0.343693        1
0.343792        1
0.343814        1
0.343839        1
0.343958        1
0.343980        1
0.344067        2
0.344195        1
0.344207        4
0.344211        1
0.344227        1
0.344251        1
0.344334        2
0.344352        1
0.344354        2
0.344435        4
0.344460        1
0.344478        1
0.344727        3
0.344749        1
0.344854        1
0.344856        1
0.344876        1
0.344955        2
0.345040        1
0.345121        1
0.345126        1
0.345166        1
0.345247        2
0.345265        1
0.345271        1
0.345309        1
0.345348        3
0.345500        1
0.345619        1
0.345627        1
0.345645        1
0.345661        2
0.345663        1
0.345767        2
0.345785        1
0.345791        1
0.345811        1
0.345894        1
0.345932        1
0.345997        1
0.346020        2
0.346056        1
0.346060        1
0.346098        1
0.346147        1
0.346161        3
0.346201        1
0.346262        3
0.346306        1
0.346325        1
0.346430        1
0.346575        2
0.346576        1
0.346685        1
0.346827        1
0.346844        1
0.346865        1
0.346948        3
0.346968        2
0.346974        1
0.347075        1
0.347176        4
0.347201        3
0.347615        1
0.347654        1
0.347707        1
0.347779        1
0.347847        2
0.347849        1
0.347882        1
0.347974        1
0.347992        2
0.348006        1
0.348052        1
0.348089        1
0.348131        1
0.348136        1
0.348156        1
0.348174        1
0.348241        1
0.348245        1
0.348303        1
0.348367        1
0.348382        4
0.348510        1
0.348528        1
0.348530        1
0.348765        1
0.348776        2
0.348783        1
0.348902        4
0.348922        1
0.348942        1
0.349003        1
0.349028        1
0.349173        1
0.349175        1
0.349191        1
0.349277        1
0.349315        1
0.349422        1
0.349483        1
0.349548        1
0.349675        1
0.349678        1
0.349689        4
0.349711        1
0.349816        3
0.349837        1
0.349855        1
0.349859        1
0.349861        1
0.349916        2
0.349920        1
0.349931        1
0.349942        3
0.349947        1
0.350085        1
0.350086        1
0.350088        1
0.350106        1
0.350108        1
0.350195        1
0.350213        1
0.350336        3
0.350480        2
0.350482        1
0.350502        1
0.350517        1
0.350606        1
0.350623        1
0.350830        2
0.350856        1
0.350857        1
0.350875        1
0.351000        1
0.351123        2
0.351143        1
0.351245        1
0.351269        1
0.351376        1
0.351395        1
0.351516        1
0.351520        1
0.351536        1
0.351683        1
0.351744        2
0.351914        1
0.351932        1
0.352036        1
0.352078        1
0.352105        1
0.352168        1
0.352183        1
0.352203        1
0.352329        1
0.352430        2
0.352556        2
0.352578        1
0.352657        2
0.352827        1
0.352950        1
0.353080        1
0.353096        1
0.353225        1
0.353304        1
0.353344        2
0.353365        1
0.353474        1
0.353571        1
0.353596        1
0.353600        1
0.353614        1
0.353683        1
0.353697        1
0.353867        1
0.353883        1
0.354008        1
0.354012        1
0.354015        1
0.354030        1
0.354257        1
0.354281        1
0.354369        1
0.354384        1
0.354484        2
0.354510        1
0.354528        1
0.354548        1
0.354570        1
0.354591        1
0.354777        3
0.354781        1
0.354821        1
0.354891        1
0.354904        2
0.355156        1
0.355191        1
0.355297        2
0.355299        1
0.355303        1
0.355315        1
0.355550        1
0.355586        1
0.355691        1
0.355696        1
0.355713        1
0.355817        2
0.355823        1
0.355825        1
0.355835        1
0.356076        1
0.356084        1
0.356088        1
0.356092        1
0.356104        1
0.356211        2
0.356283        1
0.356337        2
0.356355        2
0.356604        2
0.356644        1
0.356731        3
0.356736        1
0.356751        1
0.356857        1
0.356875        1
0.356893        1
0.356976        1
0.357018        1
0.357124        1
0.357144        1
0.357146        1
0.357225        3
0.357251        2
0.357255        1
0.357271        1
0.357518        1
0.357670        1
0.357684        1
0.357807        1
0.357912        1
0.358038        1
0.358150        1
0.358165        1
0.358183        1
0.358248        1
0.358309        1
0.358452        1
0.358453        1
0.358475        1
0.358493        1
0.358558        1
0.358704        2
0.358829        1
0.358952        1
0.358973        1
0.359264        1
0.359345        2
0.359389        1
0.359472        1
0.359490        1
0.359618        1
0.359699        1
0.359725        2
0.359739        3
0.359761        1
0.359764        1
0.359887        1
0.359966        1
0.360136        1
0.360245        1
0.360259        1
0.360385        3
0.360405        1
0.360429        1
0.360653        1
0.360656        1
0.360696        1
0.360779        1
0.360783        1
0.360797        1
0.360799        1
0.360801        1
0.360819        1
0.360839        1
0.360880        2
0.360922        1
0.361070        1
0.361133        1
0.361158        1
0.361173        1
0.361317        1
0.361425        2
0.361552        2
0.361592        1
0.361593        1
0.361610        1
0.361678        1
0.361693        1
0.361698        1
0.361732        1
0.361793        2
0.361962        1
0.361981        1
0.362086        2
0.362090        1
0.362126        1
0.362238        1
0.362480        2
0.362502        1
0.362628        1
0.362707        1
0.362774        1
0.362899        1
0.363000        2
0.363020        3
0.363065        1
0.363126        1
0.363253        1
0.363271        1
0.363393        1
0.363413        1
0.363520        2
0.363523        1
0.363527        1
0.363542        1
0.363560        1
0.363621        2
0.363773        1
0.363791        1
0.363913        1
0.363915        1
0.364078        1
0.364188        1
0.364204        1
0.364226        1
0.364307        1
0.364327        1
0.364405        1
0.364412        1
0.364451        2
0.364495        1
0.364538        1
0.364560        1
0.364601        1
0.364661        1
0.364827        1
0.365058        1
0.365080        2
0.365120        2
0.365221        1
0.365347        1
0.365448        3
0.365473        1
0.365493        1
0.365513        1
0.365560        1
0.365726        1
0.365741        2
0.365744        1
0.365761        1
0.365766        1
0.365979        1
0.365993        1
0.365997        1
0.366120        1
0.366134        1
0.366261        2
0.366362        4
0.366517        1
0.366550        1
0.366640        2
0.366654        2
0.366781        1
0.366790        1
0.366925        1
0.367033        1
0.367068        1
0.367192        1
0.367275        2
0.367324        1
0.367566        1
0.367568        2
0.367572        1
0.367573        1
0.367611        1
0.367692        1
0.367694        1
0.367698        1
0.367962        4
0.367981        1
0.367983        1
0.368106        1
0.368231        1
0.368242        1
0.368254        1
0.368326        1
0.368449        1
0.368467        1
0.368482        4
0.368501        1
0.368543        1
0.368608        1
0.368626        1
0.368628        1
0.368630        1
0.368648        1
0.368796        1
0.368875        1
0.368879        1
0.369002        1
0.369020        2
0.369102        3
0.369168        1
0.369316        1
0.369395        1
0.369415        1
0.369439        1
0.369668        2
0.369789        2
0.369901        1
0.370016        1
0.370081        1
0.370099        1
0.370142        1
0.370206        1
0.370309        1
0.370435        2
0.370581        1
0.370688        1
0.370702        1
0.370706        1
0.370724        1
0.370847        1
0.370919        1
0.370930        1
0.370941        1
0.370955        1
0.370973        1
0.370993        1
0.371000        1
0.371083        1
0.371138        1
0.371208        1
0.371222        1
0.371246        1
0.371602        1
0.371760        1
0.371764        1
0.371808        1
0.371843        1
0.372053        1
0.372259        1
0.372363        1
0.372407        1
0.372429        1
0.372530        1
0.372573        1
0.372656        1
0.372658        1
0.372757        1
0.372972        1
0.373050        2
0.373095        1
0.373198        1
0.373342        1
0.373364        1
0.373429        1
0.373443        2
0.373451        1
0.373670        2
0.373696        1
0.373714        1
0.373839        1
0.373963        3
0.373983        1
0.373987        1
0.374075        1
0.374111        1
0.374133        1
0.374216        1
0.374357        1
0.374469        1
0.374483        2
0.374505        1
0.374584        1
0.374610        1
0.374631        1
0.374736        1
0.374877        2
0.374899        1
0.374904        1
0.374912        1
0.375005        1
0.375021        1
0.375043        1
0.375130        1
0.375270        2
0.375290        2
0.375437        1
0.375523        1
0.375613        1
0.375708        1
0.375790        1
0.375935        1
0.375939        1
0.376025        1
0.376047        1
0.376170        1
0.376204        1
0.376310        1
0.376329        3
0.376411        1
0.376475        1
0.376704        2
0.376724        1
0.376816        1
0.376831        1
0.376850        1
0.376852        1
0.376962        1
0.376979        1
0.377098        2
0.377101        1
0.377103        1
0.377145        1
0.377224        2
0.377249        1
0.377325        2
0.377356        1
0.377477        1
0.377495        1
0.377540        1
0.377618        1
0.377638        1
0.377748        1
0.377764        2
0.377871        1
0.377932        1
0.378011        2
0.378017        1
0.378116        1
0.378138        1
0.378140        1
0.378156        1
0.378181        1
0.378268        1
0.378280        1
0.378284        1
0.378392        1
0.378658        2
0.378683        1
0.378810        1
0.378911        2
0.378925        4
0.378952        1
0.379071        1
0.379075        1
0.379091        1
0.379113        1
0.379178        1
0.379203        1
0.379465        1
0.379470        1
0.379487        1
0.379517        1
0.379571        2
0.379799        1
0.379824        1
0.379839        2
0.379965        1
0.380091        1
0.380111        1
0.380117        1
0.380218        1
0.380359        1
0.380368        1
0.380398        1
0.380507        1
0.380651        1
0.381177        1
0.381294        1
0.381402        1
0.381440        1
0.381543        1
0.381651        2
0.381666        1
0.381686        1
0.381814        1
0.381893        1
0.381957        1
0.382023        1
0.382063        1
0.382186        2
0.382189        1
0.382283        1
0.382316        1
0.382439        1
0.382500        1
0.382518        1
0.382579        1
0.382706        2
0.382749        1
0.382792        1
0.382807        1
0.382854        1
0.382870        1
0.382890        1
0.382980        1
0.383091        1
0.383163        1
0.383246        1
0.383264        1
0.383269        1
0.383273        1
0.383327        1
0.383370        1
0.383471        1
0.383479        1
0.383493        1
0.383535        1
0.383619        2
0.383720        1
0.383764        1
0.384013        1
0.384075        1
0.384078        1
0.384139        1
0.384158        1
0.384284        1
0.384309        1
0.384427        1
0.384533        2
0.384573        1
0.384634        2
0.384659        2
0.384701        1
0.384786        1
0.384927        1
0.385013        1
0.385158        1
0.385277        1
0.385436        1
0.385472        1
0.385840        1
0.385860        1
0.385866        1
0.385987        1
0.386115        1
0.386220        1
0.386234        3
0.386236        1
0.386360        1
0.386487        1
0.386505        1
0.386740        1
0.386774        1
0.387009        1
0.387151        1
0.387155        1
0.387167        1
0.387375        1
0.387386        1
0.387501        1
0.387527        1
0.387545        1
0.387798        1
0.387799        1
0.387816        1
0.387895        1
0.387958        1
0.388039        1
0.388061        1
0.388063        1
0.388068        1
0.388081        1
0.388188        1
0.388207        1
0.388318        1
0.388500        1
0.388874        1
0.388980        1
0.388995        2
0.389121        1
0.389213        1
0.389246        1
0.389354        1
0.389538        1
0.389603        1
0.389693        1
0.389751        1
0.389888        1
0.389908        2
0.390159        2
0.390432        1
0.390535        2
0.390558        1
0.390661        1
0.390802        1
0.390888        1
0.390950        1
0.391029        2
0.391098        1
0.391434        1
0.391488        1
0.391575        1
0.391716        1
0.391723        1
0.391860        1
0.392196        1
0.392256        1
0.392257        1
0.392275        1
0.392427        1
0.392488        1
0.392507        1
0.392633        1
0.392655        1
0.392756        2
0.392774        1
0.392857        3
0.392900        1
0.392922        1
0.393045        1
0.393294        1
0.393402        2
0.393565        1
0.393659        1
0.393669        1
0.393673        1
0.393689        1
0.393713        1
0.393733        1
0.393770        1
0.393796        1
0.394063        1
0.394231        1
0.394337        1
0.394456        2
0.394583        1
0.394709        1
0.394749        1
0.394857        1
0.394996        1
0.395022        1
0.395107        1
0.395229        1
0.395330        1
0.395356        1
0.395370        3
0.395498        1
0.395515        1
0.395516        1
0.395597        2
0.395623        2
0.395727        1
0.395890        1
0.395915        2
0.395930        1
0.395988        1
0.396017        1
0.396056        1
0.396284        2
0.396287        1
0.396396        1
0.396412        1
0.396428        1
0.396602        1
0.396663        1
0.396809        1
0.396824        2
0.396930        1
0.396932        1
0.396948        1
0.397197        3
0.397223        1
0.397284        1
0.397342        1
0.397344        1
0.397425        3
0.397613        1
0.397737        1
0.397844        1
0.397887        1
0.398111        2
0.398113        1
0.398136        1
0.398237        1
0.398338        1
0.398443        1
0.398490        1
0.398506        1
0.398530        1
0.398757        1
0.399030        1
0.399137        1
0.399198        1
0.399252        1
0.399317        1
0.399545        1
0.399564        1
0.399671        2
0.399689        1
0.399814        1
0.399916        1
0.399965        2
0.400065        1
0.400231        1
0.400292        1
0.400317        2
0.400478        1
0.400563        1
0.400585        1
0.400606        1
0.400626        1
0.400668        1
0.400685        2
0.400711        1
0.400852        2
0.400855        1
0.400978        1
0.400984        1
0.401022        1
0.401079        1
0.401123        1
0.401144        1
0.401166        1
0.401231        1
0.401289        1
0.401363        1
0.401372        1
0.401417        1
0.401498        2
0.401516        1
0.401614        1
0.401643        1
0.401690        1
0.401725        1
0.401765        1
0.401814        1
0.401892        2
0.401993        1
0.402430        1
0.402475        1
0.402513        1
0.402538        1
0.402679        1
0.402805        1
0.402970        1
0.403058        1
0.403075        1
0.403080        1
0.403096        1
0.403365        1
0.403474        1
0.403593        1
0.403820        1
0.403990        1
0.404133        1
0.404239        1
0.404366        1
0.404387        1
0.404492        2
0.404506        1
0.404633        1
0.404642        1
0.404651        1
0.404734        1
0.404781        1
0.404799        1
0.405026        1
0.405153        1
0.405171        1
0.405173        1
0.405196        1
0.405279        1
0.405407        1
0.405503        1
0.405546        1
0.405568        1
0.405647        1
0.405660        1
0.405922        1
0.406110        1
0.406334        1
0.406337        1
0.406341        1
0.406460        1
0.406478        1
0.406586        1
0.406592        1
0.406857        1
0.407092        1
0.407106        1
0.407142        1
0.407251        1
0.407644        1
0.407662        1
0.407793        1
0.407937        1
0.408020        1
0.408056        1
0.408081        1
0.408146        1
0.408161        2
0.408287        1
0.408305        1
0.408370        1
0.408388        2
0.408394        1
0.408414        1
0.408439        1
0.408540        1
0.408580        1
0.408681        1
0.408807        1
0.409078        1
0.409201        3
0.409302        1
0.409349        1
0.409473        1
0.409495        1
0.409594        1
0.409706        1
0.409829        1
0.409833        1
0.410008        1
0.410508        2
0.410512        1
0.410551        1
0.410570        1
0.410922        1
0.411028        2
0.411032        1
0.411174        1
0.411566        1
0.411674        1
0.411718        1
0.411815        1
0.412357        1
0.412361        1
0.412447        1
0.412462        1
0.412480        2
0.412749        2
0.412855        1
0.412861        1
0.412875        1
0.413375        1
0.413522        1
0.413541        1
0.413543        1
0.413643        2
0.413853        1
0.414022        1
0.414163        1
0.414186        1
0.414192        1
0.414202        1
0.414231        1
0.414311        1
0.414401        1
0.414415        1
0.414556        1
0.414560        1
0.414576        1
0.414578        1
0.414701        1
0.414783        1
0.414809        2
0.415076        2
0.415242        2
0.415679        1
0.416030        1
0.416116        2
0.416156        1
0.416243        2
0.416248        1
0.416261        1
0.416383        2
0.416611        4
0.416678        1
0.417176        1
0.417192        1
0.417196        1
0.417198        1
0.417297        1
0.417322        1
0.417328        1
0.417423        1
0.417524        1
0.417590        1
0.417676        1
0.417721        1
0.417817        1
0.417860        1
0.418007        1
0.418070        1
0.418088        1
0.418171        1
0.418189        1
0.418252        1
0.418731        1
0.418751        1
0.418752        1
0.418900        1
0.418983        1
0.419144        1
0.419222        1
0.419251        1
0.419269        1
0.419301        1
0.419337        1
0.419351        3
0.419395        2
0.419615        1
0.419771        2
0.419774        1
0.419789        1
0.419810        1
0.419998        1
0.420038        1
0.420265        4
0.420558        1
0.420580        1
0.420601        1
0.420971        2
0.421204        1
0.421370        1
0.421471        1
0.421495        1
0.421724        1
0.421724        1
0.421865        1
0.421887        1
0.422031        1
0.422092        1
0.422392        1
0.422405        1
0.422674        1
0.422779        1
0.422925        2
0.422950        1
0.423075        1
0.423299        1
0.423308        1
0.423425        1
0.423445        1
0.423692        1
0.423712        1
0.423819        1
0.423920        3
0.423961        1
0.424090        1
0.424109        1
0.424216        1
0.424238        1
0.424485        1
0.424606        1
0.424626        2
0.424752        1
0.424772        1
0.424833        5
0.425003        1
0.425146        1
0.425224        1
0.425379        1
0.425520        1
0.425570        1
0.425747        2
0.426025        1
0.426164        1
0.426168        1
0.426206        1
0.426271        1
0.426309        1
0.426453        1
0.426560        1
0.426563        1
0.426578        1
0.426579        1
0.426660        1
0.426872        1
0.427127        1
0.427210        1
0.427347        2
0.427574        2
0.427782        1
0.428120        1
0.428280        1
0.428387        1
0.428488        3
0.428932        1
0.429008        1
0.429049        1
0.429151        1
0.429174        2
0.429300        1
0.429401        2
0.429575        1
0.429820        1
0.429846        1
0.430214        1
0.430315        1
0.430362        1
0.430441        1
0.430492        1
0.430608        1
0.430615        1
0.430752        1
0.431128        2
0.431148        1
0.431229        2
0.431276        1
0.431292        1
0.431749        1
0.431915        3
0.431920        1
0.432059        1
0.432139        1
0.432142        1
0.432294        2
0.432310        1
0.432455        1
0.432581        1
0.432688        1
0.432713        1
0.432726        1
0.432767        1
0.432814        1
0.432848        1
0.432874        1
0.433056        2
0.433098        1
0.433370        1
0.433498        1
0.433645        1
0.433685        1
0.433728        1
0.433762        1
0.433860        1
0.433872        1
0.433887        1
0.433890        1
0.434015        1
0.434096        1
0.434268        1
0.434464        1
0.434786        1
0.434800        1
0.434883        1
0.434912        1
0.434927        2
0.435073        1
0.435288        1
0.435425        1
0.435569        3
0.435822        1
0.435826        1
0.435949        1
0.436089        1
0.436109        1
0.436216        2
0.436754        1
0.436756        1
0.436774        1
0.436781        1
0.436878        1
0.437003        2
0.437294        1
0.437375        1
0.437397        2
0.437408        1
0.437422        1
0.437462        1
0.437523        1
0.437624        1
0.437657        1
0.437693        2
0.437998        1
0.438061        1
0.438063        2
0.438129        1
0.438354        1
0.438426        1
0.438440        1
0.438444        1
0.438520        1
0.438563        1
0.438729        1
0.438834        1
0.438872        1
0.438975        1
0.439126        1
0.439224        1
0.439350        1
0.439477        1
0.439516        1
0.439729        1
0.439769        1
0.439870        1
0.440137        1
0.440141        1
0.440161        1
0.440416        1
0.440677        1
0.440910        1
0.440930        1
0.441037        1
0.441278        2
0.441304        1
0.442111        1
0.442485        1
0.442505        1
0.442530        1
0.442738        1
0.442878        2
0.442924        1
0.443005        1
0.443025        1
0.443106        1
0.443117        1
0.443131        1
0.443135        1
0.443418        1
0.443525        1
0.443565        1
0.443772        1
0.443792        1
0.444019        1
0.444200        1
0.444290        1
0.444312        1
0.444460        1
0.444691        1
0.444706        1
0.444711        1
0.444933        1
0.444958        2
0.445002        1
0.445211        1
0.445245        1
0.445338        1
0.445464        1
0.445515        1
0.445590        1
0.445612        1
0.445639        1
0.445731        1
0.445846        1
0.446038        1
0.446139        2
0.446533        2
0.446540        1
0.446659        1
0.446679        1
0.446760        1
0.446786        1
0.446825        1
0.446912        1
0.447024        1
0.447179        1
0.447432        1
0.447446        1
0.447573        1
0.447699        1
0.447862        1
0.448205        1
0.448346        1
0.448822        1
0.448905        1
0.449400        1
0.449750        1
0.449794        2
0.450025        1
0.450165        1
0.450187        1
0.450207        1
0.450259        1
0.450440        1
0.450707        2
0.450960        1
0.451004        1
0.451101        1
0.451121        1
0.451466        1
0.451520        1
0.452034        1
0.452520        1
0.452661        1
0.452683        1
0.452928        2
0.453073        1
0.453242        1
0.453450        1
0.453594        1
0.453723        1
0.453842        1
0.453862        2
0.453968        1
0.454069        1
0.454589        1
0.454746        1
0.455120        1
0.455524        1
0.455896        1
0.455922        1
0.456092        1
0.456189        1
0.456416        1
0.456442        1
0.456460        1
0.456583        2
0.456588        1
0.456810        1
0.456819        1
0.456821        1
0.456962        1
0.457103        1
0.457123        1
0.457200        1
0.457247        1
0.457287        1
0.457496        1
0.458016        1
0.458244        1
0.458305        1
0.458430        1
0.458471        1
0.458544        1
0.458556        1
0.458637        1
0.458793        1
0.458807        1
0.458950        1
0.459186        1
0.459230        1
0.459450        1
0.459844        1
0.459990        1
0.460197        1
0.460237        1
0.460378        1
0.460743        1
0.460757        2
0.460777        1
0.461030        1
0.461151        1
0.461194        1
0.461295        1
0.461378        1
0.461404        2
0.461797        1
0.461924        1
0.462066        1
0.462084        1
0.462216        1
0.462292        1
0.462817        1
0.462978        2
0.462982        1
0.462998        1
0.463000        1
0.463289        1
0.463415        1
0.463458        1
0.463624        1
0.463642        1
0.463751        1
0.463911        1
0.464036        1
0.464256        1
0.464311        1
0.464330        1
0.464825        1
0.464932        1
0.465331        1
0.465495        1
0.465676        1
0.465972        1
0.466282        1
0.466365        2
0.466437        1
0.466632        1
0.466652        1
0.466759        1
0.466779        1
0.467039        1
0.467154        1
0.467299        1
0.467546        2
0.467773        2
0.467943        1
0.468066        1
0.468192        1
0.468319        1
0.468480        1
0.468687        2
0.469019        1
0.469375        1
0.469500        1
0.469753        1
0.469893        1
0.470041        1
0.470287        1
0.470312        1
0.470314        1
0.470514        2
0.470953        1
0.470979        1
0.471186        1
0.471327        2
0.471428        1
0.471455        1
0.471477        1
0.471847        1
0.471990        1
0.472517        1
0.472927        1
0.473255        1
0.473281        1
0.473299        1
0.473320        1
0.473736        1
0.473819        1
0.473961        1
0.474169        1
0.474194        2
0.474525        1
0.474527        1
0.474759        1
0.475082        1
0.475126        1
0.475543        1
0.475646        1
0.475996        1
0.476415        1
0.476682        1
0.476690        1
0.476818        1
0.477616        1
0.477766        1
0.477823        1
0.477975        1
0.478136        1
0.478510        1
0.478555        1
0.478737        1
0.478889        1
0.478909        1
0.479030        2
0.479095        1
0.479423        1
0.479427        1
0.479650        1
0.479662        1
0.479737        1
0.479867        1
0.479929        1
0.480485        1
0.480606        1
0.480842        1
0.480859        1
0.481250        1
0.481397        1
0.481503        1
0.481507        1
0.481915        1
0.481942        1
0.482059        1
0.482290        1
0.482330        1
0.482437        1
0.483659        1
0.483710        1
0.483991        1
0.484118        1
0.484138        1
0.485049        1
0.485051        1
0.485382        1
0.485465        1
0.485537        1
0.485717        1
0.485818        1
0.485851        1
0.485864        1
0.485932        1
0.485934        1
0.486046        1
0.486071        1
0.486234        1
0.486338        1
0.486487        1
0.486593        1
0.486858        1
0.486959        1
0.487129        1
0.487606        1
0.487651        1
0.487873        2
0.488278        1
0.488482        1
0.488686        1
0.488706        1
0.488751        1
0.488830        1
0.489493        1
0.489495        1
0.489603        2
0.489731        1
0.490139        1
0.490387        1
0.490558        1
0.491033        1
0.491300        1
0.491820        1
0.491947        1
0.491986        1
0.492878        1
0.493275        1
0.493402        1
0.493765        1
0.493774        1
0.493794        1
0.494019        1
0.494041        1
0.494167        1
0.495018        1
0.495251        1
0.495888        1
0.495971        1
0.496096        1
0.496291        1
0.496388        1
0.496786        1
0.496908        1
0.497009        1
0.497288        1
0.497840        1
0.498504        1
0.498629        1
0.498836        1
0.499028        1
0.499129        1
0.499375        1
0.499422        1
0.499523        2
0.499635        1
0.499747        1
0.499934        1
0.500106        1
0.500382        1
0.500664        1
0.501209        1
0.501350        1
0.501577        2
0.501910        1
0.501996        1
0.502014        1
0.502264        2
0.502325        1
0.502379        1
0.502488        1
0.502491        1
0.502505        1
0.503080        1
0.503197        2
0.503405        1
0.503869        1
0.504241        1
0.504243        1
0.504450        1
0.504472        1
0.504492        1
0.504741        1
0.504757        1
0.505149        2
0.505741        1
0.505925        1
0.506145        1
0.506478        1
0.506565        1
0.506709        1
0.506727        1
0.506832        2
0.506965        1
0.506976        1
0.506980        1
0.507059        2
0.507352        1
0.507357        1
0.507478        1
0.508311        1
0.508377        1
0.509199        1
0.509345        1
0.509417        1
0.509432        1
0.509592        1
0.509699        1
0.509800        1
0.510093        1
0.510114        1
0.510486        1
0.510713        1
0.510739        1
0.510761        1
0.510988        1
0.511669        1
0.511692        1
0.511839        1
0.512313        1
0.512333        1
0.512440        1
0.512693        1
0.512732        1
0.513086        1
0.513227        1
0.513274        1
0.513953        1
0.514560        1
0.515025        1
0.515226        1
0.515282        1
0.515578        1
0.515594        1
0.515988        1
0.516322        1
0.516452        1
0.516528        1
0.516661        1
0.516867        1
0.516901        1
0.516968        1
0.517026        1
0.517109        1
0.517134        1
0.517402        1
0.517795        1
0.517889        1
0.517922        1
0.518022        1
0.518182        1
0.518467        1
0.518936        1
0.518962        1
0.519214        1
0.519355        1
0.519420        1
0.519583        1
0.519767        1
0.519861        1
0.519893        1
0.520370        1
0.520605        1
0.520662        1
0.520728        1
0.520796        1
0.521076        1
0.521220        1
0.521312        1
0.521562        1
0.522323        1
0.522371        1
0.522475        1
0.522495        1
0.522557        1
0.522591        1
0.522616        1
0.522719        1
0.523277        1
0.523797        2
0.523914        1
0.524418        2
0.524570        1
0.524711        1
0.524730        1
0.524837        1
0.526144        1
0.526664        2
0.527058        1
0.527200        1
0.527202        1
0.527437        1
0.527578        1
0.527744        1
0.528365        1
0.528764        1
0.528903        2
0.529156        1
0.529197        1
0.529298        1
0.529551        1
0.529899        1
0.530214        1
0.530320        1
0.530586        1
0.530691        1
0.530839        1
0.531106        1
0.531126        1
0.531232        1
0.531250        1
0.531519        1
0.531752        1
0.531790        1
0.532399        1
0.532455        1
0.532704        1
0.533101        1
0.533347        1
0.533388        1
0.533473        1
0.533538        1
0.533944        1
0.534352        1
0.534677        1
0.534760        1
0.535019        1
0.535282        1
0.536981        1
0.537099        1
0.537208        1
0.537225        1
0.537234        1
0.537754        1
0.537895        1
0.538021        1
0.538122        1
0.538541        2
0.538704        1
0.538960        1
0.538978        1
0.539328        1
0.539820        1
0.539834        1
0.540556        1
0.540748        1
0.540762        1
0.540905        1
0.541300        1
0.541802        1
0.541847        1
0.541947        1
0.542196        1
0.542609        1
0.542707        1
0.543136        1
0.543252        1
0.543377        1
0.543398        1
0.543474        1
0.543629        1
0.543982        1
0.544185        1
0.544310        1
0.544517        1
0.545086        1
0.545348        1
0.545431        1
0.545684        1
0.545922        1
0.546973        1
0.547031        1
0.547551        1
0.548140        1
0.548172        1
0.548446        1
0.548465        1
0.549003        1
0.549079        1
0.549297        1
0.549523        1
0.549792        1
0.549920        1
0.550000       13
0.550196        1
0.550956        1
0.550958        1
0.551085        1
0.551621        1
0.552119        1
0.552269        1
0.552491        1
0.552498        1
0.553053        1
0.553721        1
0.553867        1
0.553946        1
0.554195        1
0.554340        1
0.554363        1
0.554611        1
0.554864        1
0.555245        1
0.555425        1
0.555649        1
0.556149        1
0.556167        1
0.556169        1
0.556522        2
0.557193        1
0.557350        1
0.557446        1
0.557753        1
0.558644        1
0.558832        1
0.559681        1
0.560094        1
0.560614        1
0.560714        3
0.560735        1
0.561669        1
0.562295        1
0.562313        1
0.562458        1
0.562689        1
0.562833        1
0.563043        1
0.563102        1
0.563498        1
0.563621        1
0.563975        2
0.564410        2
0.564662        1
0.565181        1
0.565226        1
0.565240        1
0.565323        1
0.565450        1
0.565823        1
0.566062        1
0.566304        1
0.567151        1
0.567236        1
0.567528        1
0.567900        1
0.568015        1
0.568044        1
0.568189        1
0.568401        1
0.568423        1
0.569070        1
0.569332        1
0.569344        1
0.569507        1
0.570146        1
0.571038        1
0.571429        1
0.571432        1
0.571973        1
0.572147        1
0.572239        1
0.572593        1
0.572992        1
0.573758        1
0.574046        1
0.574093        1
0.574328        1
0.574575        1
0.574689        1
0.574692        1
0.574851        1
0.575086        1
0.576087        1
0.576951        1
0.577180        1
0.577704        1
0.577706        1
0.577953        1
0.578094        1
0.578459        1
0.578473        1
0.578766        1
0.579039        1
0.579154        1
0.580160        1
0.580280        1
0.580835        1
0.580855        1
0.581250        1
0.581355        1
0.581444        1
0.581566        1
0.581754        1
0.581832        1
0.581983        1
0.582395        1
0.582458        1
0.582915        1
0.582931        1
0.583551        1
0.584096        1
0.585020        1
0.585674        1
0.586035        1
0.586176        1
0.586801        1
0.586837        1
0.586963        1
0.587489        1
0.587790        1
0.588279        1
0.588290        1
0.588413        1
0.588480        1
0.589319        1
0.589428        1
0.589619        1
0.590108        1
0.590994        1
0.591658        1
0.591842        1
0.592042        1
0.592208        1
0.592391        1
0.592860        1
0.593478        1
0.593752        1
0.594041        1
0.594312        1
0.594559        1
0.594565        1
0.595079        1
0.595175        1
0.595323        1
0.595328        1
0.595480        1
0.595648        1
0.595973        1
0.596351        1
0.596366        1
0.596886        1
0.597161        1
0.598179        1
0.598214        1
0.598447        2
0.599266        1
0.599845        1
0.601708        1
0.602410        1
0.602762        1
0.604037        1
0.604104        1
0.604203        1
0.605568        1
0.606023        1
0.606026        1
0.606416        1
0.606669        1
0.606828        1
0.607081        1
0.607088        1
0.607247        1
0.607531        1
0.607680        1
0.607729        1
0.607854        1
0.607872        1
0.608244        1
0.608764        1
0.608807        1
0.609325        1
0.609410        1
0.609804        1
0.610584        1
0.611129        1
0.612010        1
0.612958        1
0.613602        1
0.613729        1
0.613852        2
0.614641        1
0.614765        1
0.615159        1
0.615316        1
0.615697        1
0.616072        1
0.616092        1
0.616219        1
0.616616        1
0.616704        1
0.616986        1
0.617506        1
0.617649        1
0.618012        2
0.618172        1
0.618817        1
0.619626        1
0.619666        1
0.620641        1
0.621166        1
0.622612        1
0.622861        1
0.623620        1
0.625664        1
0.626018        1
0.626516        2
0.626642        1
0.627430        1
0.627795        1
0.628863        1
0.629257        1
0.629780        1
0.630302        1
0.631104        1
0.632018        1
0.632268        1
0.632505        1
0.632814        1
0.634738        1
0.634865        1
0.634887        1
0.635154        1
0.635385        1
0.635547        1
0.637169        1
0.638039        1
0.638144        1
0.639834        1
0.640220        1
0.640240        1
0.641134        1
0.641260        2
0.642981        1
0.643364        1
0.643664        1
0.644788        1
0.644808        1
0.645294        1
0.645328        1
0.646081        1
0.647224        1
0.647381        1
0.648049        1
0.648569        1
0.648753        1
0.649483        1
0.650402        1
0.651704        1
0.651725        1
0.652617        1
0.653309        1
0.653820        1
0.653972        1
0.654858        1
0.655548        1
0.655611        1
0.655878        1
0.656023        1
0.657185        1
0.659697        1
0.660168        1
0.660558        1
0.661900        1
0.662942        1
0.664119        1
0.665528        1
0.666058        1
0.667131        1
0.671287        1
0.672509        1
0.672748        1
0.673616        1
0.674680        1
0.675570        1
0.676371        1
0.679401        1
0.681366        1
0.682232        2
0.683287        1
0.683399        1
0.684074        1
0.685132        1
0.685559        1
0.685802        1
0.686571        1
0.686815        2
0.690581        1
0.693087        1
0.694410        1
0.696865        1
0.697385        1
0.697778        1
0.698983        1
0.700665        1
0.703261        4
0.704946        1
0.704968        1
0.705358        1
0.706522        2
0.709783        6
0.710714        1
0.711342        1
0.711879        1
0.713043        3
0.713975        2
0.714119        1
0.714225        1
0.714413        1
0.714462        1
0.715140        2
0.715663        1
0.716071        1
0.716304        3
0.719332        4
0.719565        2
0.720998        1
0.721429        1
0.721661        1
0.722826        2
0.723112        1
0.723758        1
0.724689        2
0.725772        1
0.726786        1
0.727019        1
0.727950        1
0.729594        1
0.730280        1
0.731211        1
0.731444        2
0.731589        1
0.732376        1
0.732609        1
0.732705        1
0.733307        1
0.734472        1
0.735870        2
0.737500        1
0.737733        1
0.738665        1
0.739435        2
0.739829        1
0.741925        1
0.743090        1
0.743340        1
0.744255        2
0.744488        1
0.746118        1
0.746351        1
0.746932        1
0.747283        1
0.747516        1
0.748447        1
0.750776        1
0.751475        1
0.751708        1
0.752640        1
0.753106        1
0.753571        1
0.754270        1
0.756366        1
0.761258        1
0.761949        1
0.763820        2
0.764752        1
0.765916        1
0.766149        1
0.766848        1
0.767744        1
0.768012        1
0.768245        1
0.771273        2
0.773602        1
0.774534        1
0.779658        1
0.781056        1
0.790373        1
0.791304        1
0.794512        1
0.795963        1
0.796126        1
0.796894        1
0.797360        1
0.797826        1
0.798758        1
0.818090        1
0.819255        1
0.821118        1
0.822050        1
0.822981        1
0.824146        1
0.828571        2
0.835093        1
0.835921        1
0.840045        1
0.843711        1
0.846040        1
0.850699        1
0.855590        1
0.896584        1
0.900223        1
0.912888        1
[2026-04-26 13:28:29] INFO: Features creadas: 11
[2026-04-26 13:28:29] INFO: Lista de features: ['student_attempt_count_prev', 'student_avg_incorrects_prev', 'student_avg_time_prev', 'student_accuracy_prev', 'student_trend_accuracy', 'step_len', 'step_num_ops', 'step_has_parentheses', 'step_num_digits', 'step_num_variables', 'step_abs_constant_sum']
[2026-04-26 13:28:29] INFO: Features y target separados. Shape X: (301048, 11), Shape y: (301048,)
[2026-04-26 13:28:30] INFO: === CORRELACIONES FEATURES-TARGET (TOP 10) ===
[2026-04-26 13:28:30] INFO: Correlaciones positivas:
student_avg_incorrects_prev    0.145418
student_avg_time_prev          0.129126
step_num_ops                   0.096212
step_num_variables             0.091218
student_attempt_count_prev     0.040612
step_len                       0.030453
step_has_parentheses           0.011601
step_abs_constant_sum          0.002138
step_num_digits               -0.035137
student_accuracy_prev         -0.197795
[2026-04-26 13:28:30] INFO: Correlaciones negativas:
student_avg_time_prev         0.129126
step_num_ops                  0.096212
step_num_variables            0.091218
student_attempt_count_prev    0.040612
step_len                      0.030453
step_has_parentheses          0.011601
step_abs_constant_sum         0.002138
step_num_digits              -0.035137
student_accuracy_prev        -0.197795
student_trend_accuracy       -0.259345
[2026-04-26 13:28:30] INFO: === ESTADÍSTICAS FEATURES ===
[2026-04-26 13:28:30] INFO: Estadísticas features:
       student_attempt_count_prev  student_avg_incorrects_prev  student_avg_time_prev  student_accuracy_prev  student_trend_accuracy       step_len   step_num_ops  step_has_parentheses  step_num_digits  step_num_variables  step_abs_constant_sum
count               301048.000000                301048.000000          301048.000000          301048.000000           301048.000000  301048.000000  301048.000000         301048.000000    301048.000000       301048.000000          301048.000000
mean                   649.252365                     0.329335              20.452303               0.776650                0.793439      14.244257       3.530028              0.197753         5.634201            1.851662             578.445300
std                    575.286639                     0.228870               8.411794               0.133008                0.238446       6.639241       1.810597              0.398305         4.387387            1.771237            1924.362887
min                      0.000000                     0.000000               0.000000               0.000000                0.000000       1.000000       0.000000              0.000000         0.000000            0.000000               0.000000
25%                    184.000000                     0.179104              14.739955               0.733190                0.600000      10.000000       2.000000              0.000000         3.000000            1.000000              12.000000
50%                    464.000000                     0.293961              19.790471               0.804878                0.800000      13.000000       3.000000              0.000000         5.000000            1.000000              29.000000
75%                    993.000000                     0.423870              24.504921               0.860465                1.000000      17.000000       5.000000              0.000000         8.000000            2.000000             138.000000
max                   2304.000000                     8.000000              51.678165               1.000000                1.000000      38.000000       7.000000              1.000000        23.000000            7.000000           13026.890000
[2026-04-26 13:28:30] INFO: Valores nulos en features: 0
[2026-04-26 13:28:31] INFO: Duplicados en dataset: 0
[2026-04-26 13:28:31] INFO: === INFORMACIÓN DE SPLIT ===
[2026-04-26 13:28:31] INFO: Split series detectada: True
[2026-04-26 13:28:31] INFO: Distribución split: source_split
train            299585
test               1413
user_gameplay        50
[2026-04-26 13:28:31] INFO: Time series detectada: True
[2026-04-26 13:28:31] INFO: Groups detectados: True
[2026-04-26 13:28:31] INFO: Número de grupos únicos: 517
[2026-04-26 13:28:31] INFO: === ESTRATEGIA DE SPLIT DE DATOS ===
[2026-04-26 13:28:31] INFO: Dataset total: 301048 filas
[2026-04-26 13:28:31] INFO: Test size configurado: 0.2
[2026-04-26 13:28:31] INFO: Intentando split fijo (train/test) basado en split_series...
[2026-04-26 13:28:31] INFO: Split fijo encontrado: Train=299585, Test=1413
[2026-04-26 13:28:31] INFO: Split fijo inválido (test sin variación) - fallback a aleatorio
[2026-04-26 13:28:31] INFO: Intentando split por grupos (estudiantes)...
[2026-04-26 13:28:31] INFO: Grupos detectados: 517 grupos únicos
[2026-04-26 13:28:31] INFO: Split por grupos: Train=230870 (8080 clases), Test=70178 (4433 clases)
[2026-04-26 13:28:31] INFO: Split por grupos válido - usando group_student_holdout_split
[2026-04-26 13:28:31] INFO: === EVALUACIÓN DEL TARGET ===
[2026-04-26 13:28:31] INFO: Tipo de target detectado: continuous
[2026-04-26 13:28:31] INFO: === DISCRETIZACIÓN DEL TARGET CONTINUO ===
[2026-04-26 13:28:31] INFO: Estrategia: discretización a 3 clases usando cuantiles del conjunto de train
[2026-04-26 13:28:31] INFO: Estadísticas target train: media=0.0518, std=0.0836, min=0.0000, max=0.9129
[2026-04-26 13:28:31] INFO: Cuartil 33% (Q1): 0.0064
[2026-04-26 13:28:31] INFO: Cuartil 66% (Q2): 0.0183
[2026-04-26 13:28:31] INFO: Bins de discretización: [-inf, 0.0063953385111810085, 0.018272395746231455, inf]
[2026-04-26 13:28:31] INFO: Labels de clase: [0, 1, 2] (0=bajo, 1=medio, 2=alto esfuerzo)
[2026-04-26 13:28:31] INFO: === DISTRIBUCIÓN POST-DISCRETIZACIÓN ===
[2026-04-26 13:28:31] INFO: Train - Clase 0: 86167, Clase 1: 66602, Clase 2: 78101
[2026-04-26 13:28:31] INFO: Test - Clase 0: 23520, Clase 1: 20411, Clase 2: 26247
[2026-04-26 13:28:31] INFO: === INICIO ENTRENAMIENTO DE MODELOS ===
[2026-04-26 13:28:31] INFO: Tipo de validación: group_student_holdout_split
[2026-04-26 13:28:31] INFO: Tamaño train: 230870 filas, 11 features
[2026-04-26 13:28:31] INFO: Tamaño test: 70178 filas, 11 features
[2026-04-26 13:28:31] INFO: Target discretizado: True
[2026-04-26 13:28:31] INFO: Umbrales de discretización: {'q1': 0.0063953385111810085, 'q2': 0.018272395746231455}
[2026-04-26 13:28:31] INFO: === CONFIGURACIÓN DE MODELOS ===
[2026-04-26 13:28:31] INFO: Modelos configurados:
[2026-04-26 13:28:31] INFO:   - random_forest: Pipeline(steps=[('model',
                 RandomForestClassifier(n_estimators=200, random_state=42))])
[2026-04-26 13:28:31] INFO:     n_estimators=200, random_state=42
[2026-04-26 13:28:31] INFO:   - logistic_regression: Pipeline(steps=[('scaler', StandardScaler()),
                ('model', LogisticRegression(max_iter=1000, random_state=42))])
[2026-04-26 13:28:31] INFO:     max_iter=1000, random_state=42, con StandardScaler
[2026-04-26 13:28:31] INFO:   - gradient_boosting: Pipeline(steps=[('model', GradientBoostingClassifier(random_state=42))])
[2026-04-26 13:28:31] INFO:     random_state=42
[2026-04-26 13:28:31] INFO: Modelos a evaluar: ['random_forest', 'logistic_regression', 'gradient_boosting']
[2026-04-26 13:28:31] INFO: === ENTRENANDO MODELO: random_forest ===
[2026-04-26 13:28:31] INFO: Hiperparámetros de random_forest:
[2026-04-26 13:28:31] INFO:   model__bootstrap: True
[2026-04-26 13:28:31] INFO:   model__ccp_alpha: 0.0
[2026-04-26 13:28:31] INFO:   model__class_weight: None
[2026-04-26 13:28:31] INFO:   model__criterion: gini
[2026-04-26 13:28:31] INFO:   model__max_depth: None
[2026-04-26 13:28:31] INFO:   model__max_features: sqrt
[2026-04-26 13:28:31] INFO:   model__max_leaf_nodes: None
[2026-04-26 13:28:31] INFO:   model__max_samples: None
[2026-04-26 13:28:31] INFO:   model__min_impurity_decrease: 0.0
[2026-04-26 13:28:31] INFO:   model__min_samples_leaf: 1
[2026-04-26 13:28:31] INFO:   model__min_samples_split: 2
[2026-04-26 13:28:31] INFO:   model__min_weight_fraction_leaf: 0.0
[2026-04-26 13:28:31] INFO:   model__monotonic_cst: None
[2026-04-26 13:28:31] INFO:   model__n_estimators: 200
[2026-04-26 13:28:31] INFO:   model__n_jobs: None
[2026-04-26 13:28:31] INFO:   model__oob_score: False
[2026-04-26 13:28:31] INFO:   model__random_state: 42
[2026-04-26 13:28:31] INFO:   model__verbose: 0
[2026-04-26 13:28:31] INFO:   model__warm_start: False
[2026-04-26 13:31:57] INFO: Tiempo de entrenamiento random_forest: 205.58 segundos
[2026-04-26 13:32:08] INFO: === MÉTRICAS DE random_forest ===
[2026-04-26 13:32:08] INFO:   F1-weighted: 0.5135
[2026-04-26 13:32:08] INFO:   Accuracy: 0.5208
[2026-04-26 13:32:08] INFO:   Precision: 0.5144
[2026-04-26 13:32:08] INFO:   Recall: 0.5208
[2026-04-26 13:32:08] INFO:   F1-macro: 0.5055
[2026-04-26 13:32:08] INFO:   AUC: 0.7024
[2026-04-26 13:32:08] INFO:   Tiempo entrenamiento: 205.58s
[2026-04-26 13:32:08] INFO:   Matriz de confusión:
[[14317  3699  5504]
 [ 6738  6729  6944]
 [ 6288  4456 15503]]
[2026-04-26 13:32:08] INFO: ¡NUEVO MEJOR MODELO: random_forest (F1=0.5135)!
[2026-04-26 13:32:08] INFO: === ENTRENANDO MODELO: logistic_regression ===
[2026-04-26 13:32:08] INFO: Hiperparámetros de logistic_regression:
[2026-04-26 13:32:08] INFO:   model__C: 1.0
[2026-04-26 13:32:08] INFO:   model__class_weight: None
[2026-04-26 13:32:08] INFO:   model__dual: False
[2026-04-26 13:32:08] INFO:   model__fit_intercept: True
[2026-04-26 13:32:08] INFO:   model__intercept_scaling: 1
[2026-04-26 13:32:08] INFO:   model__l1_ratio: None
[2026-04-26 13:32:08] INFO:   model__max_iter: 1000
[2026-04-26 13:32:08] INFO:   model__multi_class: deprecated
[2026-04-26 13:32:08] INFO:   model__n_jobs: None
[2026-04-26 13:32:08] INFO:   model__penalty: l2
[2026-04-26 13:32:08] INFO:   model__random_state: 42
[2026-04-26 13:32:08] INFO:   model__solver: lbfgs
[2026-04-26 13:32:08] INFO:   model__tol: 0.0001
[2026-04-26 13:32:08] INFO:   model__verbose: 0
[2026-04-26 13:32:08] INFO:   model__warm_start: False
[2026-04-26 13:32:09] INFO: Tiempo de entrenamiento logistic_regression: 1.36 segundos
[2026-04-26 13:32:10] INFO: === MÉTRICAS DE logistic_regression ===
[2026-04-26 13:32:10] INFO:   F1-weighted: 0.4542
[2026-04-26 13:32:10] INFO:   Accuracy: 0.4861
[2026-04-26 13:32:10] INFO:   Precision: 0.4796
[2026-04-26 13:32:10] INFO:   Recall: 0.4861
[2026-04-26 13:32:10] INFO:   F1-macro: 0.4402
[2026-04-26 13:32:10] INFO:   AUC: 0.6677
[2026-04-26 13:32:10] INFO:   Tiempo entrenamiento: 1.36s
[2026-04-26 13:32:10] INFO:   Matriz de confusión:
[[15906  1526  6088]
 [ 9735  3003  7673]
 [ 8766  2275 15206]]
[2026-04-26 13:32:10] INFO: === ENTRENANDO MODELO: gradient_boosting ===
[2026-04-26 13:32:10] INFO: Hiperparámetros de gradient_boosting:
[2026-04-26 13:32:10] INFO:   model__ccp_alpha: 0.0
[2026-04-26 13:32:10] INFO:   model__criterion: friedman_mse
[2026-04-26 13:32:10] INFO:   model__init: None
[2026-04-26 13:32:10] INFO:   model__learning_rate: 0.1
[2026-04-26 13:32:10] INFO:   model__loss: log_loss
[2026-04-26 13:32:10] INFO:   model__max_depth: 3
[2026-04-26 13:32:10] INFO:   model__max_features: None
[2026-04-26 13:32:10] INFO:   model__max_leaf_nodes: None
[2026-04-26 13:32:10] INFO:   model__min_impurity_decrease: 0.0
[2026-04-26 13:32:10] INFO:   model__min_samples_leaf: 1
[2026-04-26 13:32:10] INFO:   model__min_samples_split: 2
[2026-04-26 13:32:10] INFO:   model__min_weight_fraction_leaf: 0.0
[2026-04-26 13:32:10] INFO:   model__n_estimators: 100
[2026-04-26 13:32:10] INFO:   model__n_iter_no_change: None
[2026-04-26 13:32:10] INFO:   model__random_state: 42
[2026-04-26 13:32:10] INFO:   model__subsample: 1.0
[2026-04-26 13:32:10] INFO:   model__tol: 0.0001
[2026-04-26 13:32:10] INFO:   model__validation_fraction: 0.1
[2026-04-26 13:32:10] INFO:   model__verbose: 0
[2026-04-26 13:32:10] INFO:   model__warm_start: False
[2026-04-26 13:35:48] INFO: Tiempo de entrenamiento gradient_boosting: 218.49 segundos
[2026-04-26 13:35:49] INFO: === MÉTRICAS DE gradient_boosting ===
[2026-04-26 13:35:49] INFO:   F1-weighted: 0.4996
[2026-04-26 13:35:49] INFO:   Accuracy: 0.5139
[2026-04-26 13:35:49] INFO:   Precision: 0.5073
[2026-04-26 13:35:49] INFO:   Recall: 0.5139
[2026-04-26 13:35:49] INFO:   F1-macro: 0.4895
[2026-04-26 13:35:49] INFO:   AUC: 0.7027
[2026-04-26 13:35:49] INFO:   Tiempo entrenamiento: 218.49s
[2026-04-26 13:35:49] INFO:   Matriz de confusión:
[[15025  2928  5567]
 [ 7858  5357  7196]
 [ 7186  3376 15685]]
[2026-04-26 13:35:49] INFO: === RESUMEN ENTRENAMIENTO ===
[2026-04-26 13:35:49] INFO: Mejor modelo: random_forest (F1-weighted=0.5135)
[2026-04-26 13:35:49] INFO: Tiempos de entrenamiento:
[2026-04-26 13:35:49] INFO:   random_forest: 205.58s
[2026-04-26 13:35:49] INFO:   logistic_regression: 1.36s
[2026-04-26 13:35:49] INFO:   gradient_boosting: 218.49s
[2026-04-26 13:36:04] INFO: Mejor modelo seleccionado: random_forest (f1_weighted=0.5135).
[2026-04-26 13:36:05] INFO: Importancia de features extraída para random_forest.
[2026-04-26 13:36:05] INFO: Entrenamiento completado en 454.03 segundos.
[2026-04-26 13:36:05] INFO: === LEADERBOARD DE MODELOS ===
[2026-04-26 13:36:05] INFO: Leaderboard completo:
   accuracy  precision    recall  f1_weighted  f1_macro  f1_score  auc_ovr_weighted  auc_ovr_macro       auc           model_name  training_time
0  0.520804   0.514419  0.520804     0.513540  0.505450  0.513540          0.702366       0.699391  0.702366        random_forest     205.584862
2  0.513936   0.507292  0.513936     0.499603  0.489451  0.499603          0.702715       0.700078  0.702715    gradient_boosting     218.492113
1  0.486121   0.479634  0.486121     0.454244  0.440221  0.454244          0.667673       0.664473  0.667673  logistic_regression       1.362910
[2026-04-26 13:36:05] INFO: Mejor modelo: random_forest
[2026-04-26 13:36:05] INFO: === MÉTRICAS DETALLADAS DEL MEJOR MODELO ===
[2026-04-26 13:36:05] INFO: Classification Report:
[2026-04-26 13:36:05] INFO:               precision    recall  f1-score   support

           0       0.52      0.61      0.56     23520
           1       0.45      0.33      0.38     20411
           2       0.55      0.59      0.57     26247

    accuracy                           0.52     70178
   macro avg       0.51      0.51      0.51     70178
weighted avg       0.51      0.52      0.51     70178

[2026-04-26 13:36:05] INFO: Matriz de confusión:
[[14317  3699  5504]
 [ 6738  6729  6944]
 [ 6288  4456 15503]]
[2026-04-26 13:36:05] INFO: === IMPORTANCIA DE FEATURES (TOP 20) ===
[2026-04-26 13:36:05] INFO: Importancia completa:
                        feature  importance
2         student_avg_time_prev    0.173905
0    student_attempt_count_prev    0.157935
3         student_accuracy_prev    0.157027
1   student_avg_incorrects_prev    0.151813
10        step_abs_constant_sum    0.116576
5                      step_len    0.070305
8               step_num_digits    0.050922
6                  step_num_ops    0.042157
4        student_trend_accuracy    0.041571
9            step_num_variables    0.026505
7          step_has_parentheses    0.011284
[2026-04-26 13:36:05] INFO: === HIPERPARÁMETROS DEL MEJOR MODELO ===
[2026-04-26 13:36:05] INFO: Hiperparámetros: {'memory': None, 'steps': [('model', RandomForestClassifier(n_estimators=200, random_state=42))], 'transform_input': None, 'verbose': False, 'model': RandomForestClassifier(n_estimators=200, random_state=42), 'model__bootstrap': True, 'model__ccp_alpha': 0.0, 'model__class_weight': None, 'model__criterion': 'gini', 'model__max_depth': None, 'model__max_features': 'sqrt', 'model__max_leaf_nodes': None, 'model__max_samples': None, 'model__min_impurity_decrease': 0.0, 'model__min_samples_leaf': 1, 'model__min_samples_split': 2, 'model__min_weight_fraction_leaf': 0.0, 'model__monotonic_cst': None, 'model__n_estimators': 200, 'model__n_jobs': None, 'model__oob_score': False, 'model__random_state': 42, 'model__verbose': 0, 'model__warm_start': False}
[2026-04-26 13:36:05] INFO: === INFORMACIÓN PARA TESIS ===
[2026-04-26 13:36:05] INFO: Tiempo total pipeline: 465.47 segundos
[2026-04-26 13:36:05] INFO: Ratio train/test: 1.0
[2026-04-26 13:36:05] INFO: Número de features finales: 11
[2026-04-26 13:36:05] INFO: Target discretizado: True
[2026-04-26 13:36:05] INFO: Umbrales de discretización: {'q1': 0.0063953385111810085, 'q2': 0.018272395746231455}
[2026-04-26 13:36:12] INFO: Dataset procesado guardado en: C:\MIA402\undac-thesis-smart-math-tutor\reports\metrics\processed_dataset.csv
[2026-04-26 13:36:12] INFO: Generando visualizaciones...
[2026-04-26 13:36:19] INFO: Figuras guardadas en: C:\MIA402\undac-thesis-smart-math-tutor\reports\figures
[2026-04-26 13:36:19] INFO: Pipeline completado exitosamente.
[2026-04-26 13:36:19] INFO: Mejor modelo: random_forest
[2026-04-26 13:36:19] INFO: Modelo guardado en: C:\MIA402\undac-thesis-smart-math-tutor\models\model.pkl
[2026-04-26 13:36:19] INFO: Métricas guardadas en: C:\MIA402\undac-thesis-smart-math-tutor\reports\metrics\model_leaderboard.csv
[2026-04-26 13:36:19] INFO: Figuras guardadas en: C:\MIA402\undac-thesis-smart-math-tutor\reports\figures
[2026-04-26 13:36:19] INFO: Resumen guardado en: C:\MIA402\undac-thesis-smart-math-tutor\reports\metrics\training_summary.json
[2026-04-26 13:48:28] INFO: Levantando API en http://127.0.0.1:8000 ...
[2026-04-26 22:06:11] INFO: Levantando API en http://127.0.0.1:8000 ...
[2026-04-26 22:06:13] INFO: Inicializando FastAPI (modo local)...
[2026-04-26 22:06:33] INFO: Registro de usuario: admin01 (role=admin)
[2026-04-26 22:06:37] INFO: Login de usuario: admin01
[2026-04-26 22:06:45] INFO: Cargando modelo desde: C:\MIA402\undac-thesis-smart-math-tutor\models\model.pkl
[2026-04-26 22:09:27] INFO: Cargando modelo desde: C:\MIA402\undac-thesis-smart-math-tutor\models\model.pkl
